Protein Sequence,Normalized Rg with Î½ = 0.427 (nm)
MDVFMKGLSKAKEGVVAAAEKTKQGVAEAAGKTKEGVLYVGSKTKEGVVHGVATVAEKTKEQVTNVGGAVVTGVTAVAQKTVEGAGSIAAATGFVKKDQLGKNEEGAPQEGILEDMPVDPDNEAYEMPSEEGYQDYEPEA,0.4309103644065585
MQTAPVPMPDLKNVKSKIGSTENLKHQPGGGKVQIINKKLDLSNVQSKAGSKDNIKHVPGGGSVQIVYCPVDLSCVTSKAGSLGNIHHKPGGGQVEVKSEKLDFKDRVQSKIGSLDNITHVPGGGNKKIE,0.4384914848242003
MGHHHHHHMSSILPFTPPVVKRLLGWKKSAGGSGGAGGGEQNGQEEKWCEKAVKSLVKKLKKTGRLDELEKAITTQNCNTKCVTIPSTCSEIWGLSTPNTIDQWDTTGLYSFSEQTRSLDGRLQVSHRKGLPHVIYCRLWRWPDLHSHHELKAIENCEYAFNLKKDEVCVNPYHYQRVETPVLPPVLVPRHTEILTELPPLDDYTHSIPENTNFPAGIEPQSNYIPETPPPGYISEDGETSDQQLNQSMDTGSPAELSPTTLSPVNHSLDLQPVTYSEPAFWCSIAYYELNQRVGETFHASQPSLTVDGFTDPSNSERFCLGLLSNVNRNATVEMTRRHIGRGVRLYYIGGEVFAECLSDSAIFVQSPNCNQRYGWHPATVCKIPPGCNLKIFNNQEFAALLAQSVNQGFEAVYQLTRMCTIRMSFVKGWGAEYRRQTVTSTPCWIELHLNGPLQWLDKVLTQMGSPSVRCEEME,0.3675483977412569
GCQTSRGLFGNNNTNNINNSSSGMNNASAGLFGSKPUA,0.3388138205416338
DSHAKRHHGYKRKFHEKHHSHRGY,0.36069068898122264
MQTFSSLLLALGLFSEASAQLAAWPSQSYSPFYQALFGGASTPVLSAPVAKTAPSAIPLAAPALPVPVAAAPFFASPAPVLAAPAPLLAPPAPVFAAPRPVFAAPALAPVAPMAPVLRGPAFAYAPSPVLAPVGVAPVAPAPVFAAPAFAPVAPVLAAPRFVPAYAPFARAAMFIGSNKAKTA,0.41901512873100183
METSQETSLFLVKILEELDSKQNTVSYQDLCKSLCARFDLSQLAKLRSVLFYTACLDPNFPATLFKDKMKCTVNNQQSKKIMVAADIVTIFNLIQMNGGAAKEKLPTGRQKVRKKEASFESCRSDTEICNAAECEPLNCELSERSFSRGYPIRQSSKCRKMDCKDCPQFVPASEPNFLLGVSKEVKNRAASLDRLQALAPYSVTSPQPCEMQRTYFPMNIENESISDQDSLPINQSIKETFISNEEPFVVQSCVQKRNIFKEDFHNLMAVSPSLVGPISKAENEHREPQSRKEPHKPPFFNHSFEMPYNSQYLNPVYSPVPDKRRAKHESLDDLQASTYFGPTPVMGTQEARRCLGKPNKQTPWPAKSWSLNTEEVPDFERSFFNRNPSEEKLHYPNASSQTPNFPAPERRPTYLVPKDQQPILPIAYAAKQNGLKSKEISSPVDLEKHEPVKKFKDKSINCTSGQLSSDTSSVGTQTEHVLEPKKCRDLCTSGQGKYSDRHTMKHSDDDSEIVSDDISDIFRFLDDMSISGSTGVIQSSCYNSTGSLSQLHKSDCDSSPEHNLTKIANGVPNSKGDKGNRPENTHHSEEELKTSVCKLVLRIGEIERKLESLSGVRDEISQVLGKLNKLDQKMQQPEKVSVQIDLNSLTSEGPSDDSASPRMFHAHSGSHGPKLENNPDWCCSDASGSNSESLRVKALKKSLFTRPSSRSLTEENSATESKIASISNSPRDWRTITYTNRVGLNEEEIKDTGPGDNKDWHRKSKEADRQYDIPPQHRLPKQPKDGFLVEQVFSPHPYPASLKAHMKSNPLYTDMRLTELAEVKRGQPSWTIEEYARNAGDKGKLTALDLQTQESLNPNNLEYWMEDIYTPGYDSLLKRKEAEFRRAKVCKIAALIAAAACTVILVIVVPICTMKS,0.30222468524718127
MLLILLSVALLALSSAESSSEDVSQEESLFLISGKPEGRRPQGGNQPQRPPPPPGKPQGPPPQGGNQSQGPPPPPGKPEGRPPQGGNQSQGPPPHPGKPERPPPQGGNQSQGPPPHPGKPESRPPQGGHQSQGPPPTPGKPEGPPPQGGNQSQGTPPPPGKPEGRPPQGGNQSQGPPPHPGKPERPPPQGGNQSHRPPPPPGKPERPPPQGGNQSQGPPPHPGKPEGPPPQEGNKSRSARSPPGKPQGPPQQEGNKPQGPPPPGKPQGPPPAGGNPQQPQAPPAGKPQGPPPPPQGGRPPRPAQGQQPPQ,0.4790081474931124
MSEPAGDVRQNPCGSKACRRLFGPVDSEQLSRDCDALMAGCIQEARERWNFDFVTETPLEGDFAWERVRGLGLPKLYLPTGPRRGRDELGGGRRPGTSPALLQGTAEEDHVDLSLSCTLVPRSGEQAEGSPGGPGDSQGRKRRQTSMTDFYHSKRRLIFSKRKP,0.3471811521762874
IIIFGIFGLTVMLFVFLFSKQQRIKMLILPPVPVPKIKGIDPDLLKEGKLEEVNTILAIHDSYKPEFHSDDSWVEFIELDIDEPDEKTEESDTDRLLSSDHEKSHSNLGVKDGDSGRTSCCEPDILETDFNANDIHEGTSEVAQPQRLKGEADLLCLDQKNQNNSPYHDACPATQQPSVIQAEKNKPQPLPTEGAESTHQAAHIQLSNPSSLSNIDFYAQVSDITPAGSVVLSPGQKNKAGMSQCDMHPEMVSLCQENFLMDNAYFCEADAKKCIPVAPHIKVESHIQPSLNQEDIYITTESLTTAAGRPGTGEHVPGSEMPVPDYTSIHIVQSPQGLILNATALPLPDKE,0.46985842575799547
AAPEGGISDVVEKSIKEAQETCAGDPVSGECVAAWDEVEELSAAASHARDKKKADGSDPLEEYCKDNPETNECRTYDN,0.3583380895214308
SNAMTMTLHTKASGMALLHQIQGNELEPLNRPQLKIPLERPLGEVYLDSSKPAVYNYPEGAAYEFNAAAAANAQVYGQTGLPYGPGSEAAAFGSNGLGGFPPLNSVSPSPLMLLHPPPQLSPFLQPHGQQVPYYLENEPSGYTVREAGPPAFYRPNSDNRRQGGRERLASTNDKGSMAMESAKETRY,0.3432901922231614
GCFNKSFGTPFGGGTGGFGTTSTFGQNTGFGTTSGGAFGTSAFGSSNNTGGLFGNSQTKPGGLFGTSSFSQPATSTSTGFGFGTSTGTANTLFGTASTGTSLFSSQNNAFAQNKPTGFGNFGTSTSSGGLFGTTNTTSNPFGSTSGSLFGPUA,0.3389221809980906
GCPSASPAFGANQTPTFGQSQGASQPNPPGFGSISSSTALFPTGSQPAPPTFGTVSSSSQPPVFGQQPSQSAFGSGTTPNUA,0.3812735220568768
GCGFKGFDTSSSSSNSAASSSFKFGVSSSSSGPSQTLTSTGNFKFGDQGGFKIGVSSDSGSINPMSEGFKFSKPIGDFKFGVSSESKPEEVKKDSKNDNFKFGLSSGLSNPVUA,0.3975164058501718
GPPGSMAGGGGSSDGSGRAAGRRASRSSGRARRGRHEPGLGGPAERGAG,0.3229776662741831
GPMPLPVALQTRLAKRGILKHLEPEPEEEIIAEDYDDDPVDYEATRLEGLPPSWYKVFDPSCGLPYYWNADTDLVSWLSPHDPNSVVTKSAKKLRSSNADAEEKLDRSHDKSDRGHDKSDRSHEKLDRGHDKSDRGHDKSDRDRERGYDKVDRERERDRERDRDRGYDKADREEGKERRHHR REELAPYPKSKSSKPKG,0.36485774654914627
GCPSASPAFGANQTPTFGQSQGASQPNPPGFGSISSSTALFPTGSQPAPPTFGTVSSSSQPPVFGQQPSQSAFGSGTTPNUA,0.3812735220568768
GCPSASPAFGANQTPTFGQSQGASQPNPPGFGSISSSTALFPTGSQPAPPTFGTVSSSSQPPVFGQQPSQSAFGSGTTPNUA,0.4727791673505273
MGSNGADNAHNNAFGGGKNPGIGNTSGAGSNGSASSNRGNSNGWSWSNKPHKNDGFHSDGSYHITFHGDNNSKPKPGGNSGNRGNNGDGASSHHHHHH,0.3957488651201071
MSGGSSCSQTPSRAIPATRRVVLGDGVQLPPGDYSTTPGGTLFSTTPGGTRIIYDRKFLMECRNSPVTKTPPRDLPTIPGVTSPSSDEPPMEASQSHLRNSPEDKRAGGEESQFEMDI,0.30553311591266763
MSDASLRSTSTMERLVARGTFPVLVRTSACRSLFGPVDHEELSRELQARLAELNAEDQNRWDYDFQQDMPLRGPGRLQWTEVDSDSVPAFYRETVQVGRCRLLLAPRPVAVAVAVSPPLEPAAESLDGLEEAPEQLPSVPVPAPASTPPPVPVLAPAPAPAPAPVAAPVAAPVAVAVLAPAPAPAPAPAPAPAPVAAPAPAPAPAPAPAPAPAPAPDAAPQESAEQGANQGQRGQEPLADQLHSGISGRPAAGTAAASANGAAIKKLSGPLISDFFAKRKRSAPEKSSGDVPAPCPSPSAAPGVGSVEQTPRKRLR,0.3619035136806072
MSNVRVSNGSPSLERMDARQAEHPKPSACRNLFGPVDHEELTRDLEKHCRDMEEASQRKWNFDFQNHKPLEGKYEWQEVEKGSLPEFYYRPPRPPKGACKVPAQESQDVSGSRPAAPLIGAPANSEDTHLVDPKTDPSDSQTGLAEQCAGIRKRPATDDSSTQNKRANRTEENVSDGSPNAGSVEQTPKKPGLRRRQT,0.37898911812803265
MSESSSKSSQPLASKQEKDGTEKRGRGRPRKQPPVSPGTALVGSQKEPSEVPTPKRPRGRPKGSKNKGAAKTRKTTTTPGRKPRGRPKKLEKEEEEGISQESSEEEQ,0.5649711575199002
MRIAVICFCLLGITCAIPVKQADSGSSEEKQLYNKYPDAVATWLNPDPSQKQNLLAPQNAVSSEETNDFKQETLPSKSNESHDHMDDMDDEDDDDHVDSQDSIDSNDSDDVDDTDDSHQSDESHHSDESDELVTDFPTDLPATEVFTPVVPTVDTYDGRGDSVVYGLRSKSKKFRRPDIQYPDATDEDITSHMESEELNGAYKAIPVAQDLNAPSDWDSRGKDSYETSQLDDQSAETHSHKQSRLYKRKANDESNEHSDVIDSQELSKVSREFHSHEFHSHEDMLVVDPKSKEEDKHLKFRISHELDSASSEVN,0.46263590532642357
MAEAGAGLSETVTETTVTVTTEPENRSLTIKLRKRKPEKKVEWTSDTVDNEHMGRRSSKCCCIYEKPRAFGESSTESDEEEEEGCGHTHCVRGHRKGRRRATLGPTPTTPPQPPDPSQPPPGPMQH,0.5535689038089364
MDLSALRVEEVQNVINAMQKILECPICLELIKEPVSTKCDHIFCKFCMLKLLNQKKGPSQCPLCKNDITKRSLQESTRFSQLVEELLKIICAFQLDTGLEYANSYNFAKKENNSPEHLKDEVSIIQSMGYRNRAKRLLQSEPENPSLQETSLSVQLSNLGTVRTLRTKQRIQPQKTSVYIELGSDSSEDTVNKATYCSVGDQELLQITPQGTRDEISLDSAKKAACEFSETDVTNTEHHQPSNNDLNTTEKRAAERHPEKYQGSSVSNLHVEPCGTNTHASSLQHENSSLLLTKDRMNVEKAEFCNKSKQPGLARSQHNRWAGSKETCNDRRTPSTEKKVDLNADPLCERKEWNKQKLPCSENPRDTEDVPWITLNSSIQKVNEWFSRSDELLGSDDSHDGESESNAKVADVLDVLNEVDEYSGSSEKIDLLASDPHEALICKSERVHSKSVESNIEDKIFGKTYRKKASLPNLSHVTENLIIGAFVTEPQIIQERPLTNKLKRKRRPTSGLHPEDFIKKADLAVQKTPEMINQGTNQTEQNGQVMNITNSGHENKTKGDSIQNEKNPNPIESLEKESAFKTKAEPISSSISNMELELNIHNSKAPKKNRLRRKSSTRHIHALELVVSRNLSPPNCTELQIDSCSSSEEIKKKKYNQMPVRHSRNLQLMEGKEPATGAKKSNKPNEQTSKRHDSDTFPELKLTNAPGSFTKCSNTSELKEFVNPSLPREEKEEKLETVKVSNNAEDPKDLMLSGERVLQTERSVESSSISLVPGTDYGTQESISLLEVSTLGKAKTEPNKCVSQCAAFENPKGLIHGCSKDNRNDTEGFKYPLGHEVNHSRETSIEMEESELDAQYLQNTFKVSKRQSFAPFSNPGNAEEECATFSAHSGSLKKQSPKVTFECEQKEENQGKNESNIKPVQTVNITAGFPVVGQKDKPVDNAKCSIKGGSRFCLSSQFRGNETGLITPNKHGLLQNPYRIPPLFPIKSFVKTKCKKNLLEENFEEHSMSPEREMGNENIPSTVSTISRNNIRENVFKEASSSNINEVGSSTNEVGSSINEIGSSDENIQAELGRNRGPKLNAMLRLGVLQPEVYKQSLPGSNCKHPEIKKQEYEEVVQTVNTDFSPYLISDNLEQPMGSSHASQVCSETPDDLLDDGEIKEDTSFAENDIKESSAVFSKSVQKGELSRSPSPFTHTHLAQGYRRGAKKLESSEENLSSEDEELPCFQHLLFGKVNNIPSQSTRHSTVATECLSKNTEENLLSLKNSLNDCSNQVILAKASQEHHLSEETKCSASLFSSQCSELEDLTANTNTQDPFLIGSSKQMRHQSESQGVGLSDKELVSDDEERGTGLEENNQEEQSMDSNLGEAASGCESETSVSEDCSLSSQSDILTTQQRDTMQHNLIKLQQEMAELEAVLEQHGSQPSNSYPSIISDSSALEDLRNPEQSTSEKAVLTSQKSSEYPISQNPEGLSADKFEVSADSSTSKNKEPGVERSSPSKCPSLDDRWYMHSCSGSLQNRNYPSQEELIKVVDVEEQQLEESGPHDLTETSYLPRQDLEGTPYLESGISLFSDDPESDPSEDRAPESARVGNIPSSTSALKVPQLKVAESAQSPAAAHTTDTAGYNAMEESVSREKPELTASTERVNKRMSMVVSGLTPEEFMLVYKFARKHHITLTNLITEETTHVVMKTDAEFVCERTLKYFLGIAGGKWVVSYFWVTQSIKERKMLNEHDFEVRGDVVNGRNHQGPKRARESQDRKIFRGLEICCYGPFTNMPTDQLEWMVQLCGASVVKELSSFTLGTGVHPIVVVQPDAWTEDNGFHAIGQMCEAPVVTREWVLDSVALYQCQELDTYLIPQIPHSHY,0.2558714445961221
MPRRAENWDEAEVGAEEAGVEEYGPEEDGGEESGAEESGPEESGPEELGAEEEMEAGRPRPVLRSVNSREPSQVIFCNRSPRVVLPVWLNFDGEPQPYPTLPPGTGRRIHSYRGHLWLFRDAGTHDGLLVNQTELFVPSLNVDGQPIFANITLPVYTLKERCLQVVRSLVKPENYRRLDIVRSLYEDLEDHPNVQKDLERLTQERIAHQRMGD,0.268924391495373
MKTALILLSILGMACAFSMKNLHRRVKIEDSEENGVFKYRPRYYLYKHAYFYPHLKRFPVQGSSDSSEENGDDSSEEEEEEEETSNEGENNEESNEDEDSEAENTTLSATTLGYGEDATPGTGYTGLAAIQLPKKAGDITNKATKEKESDEEEEEEEEGNENEESEAEVDENEQGINGTSTNSTEAENGNGSSGGDNGEEGEEESVTGANAEDTTETGRQGKGTSKTTTSPNGGFEPTTPPQVYRTTSPPFGKTTTVEYEGEYEYTGANEYDNGYEIYESENGEPRGDNYRAYEDEYSYFKGQGYDGYDGQNYYHHQ,0.44363371375739324
MSDKPDMAEIEKFDKSKLKKTETQEKNPLPSKETIEQEKQAGES,0.6524462721730281
MKAKRSHQAVIMSTSLRVSPSIHGYHFDTASRKKAVGNIFENTDQESLERLFRNSGDKKAEERAKIIFAIDQDVEEKTRALMALKKRTKDKLFQFLKLRKYSIKVH,0.39365056734623266
MATFPPATSAPQQPPGPEDEDSSLDESDLYSLAHSYLGGGGRKGRTKREAAANTNRPSPGGHERKLVTKLQNSERKKRGARR,0.42550125061547456
MATLIYVDKENGEPGTRVVAKDGLKLGSGPSIKALDGRSQVSTPRFGKTFDAPPALPKATRKALGTVNRATEKSVKTKGPLKQKQPSFSAKKMTEKTVKAKSSVPASDDAYPEIEKFFPFNPLDFESFDLPEEHQIAHLPLSGVPLMILDEERELEKLFQLGPPSPVKMPSPPWESNLLQSPSSILSTLDVELPPVCCDIDI,0.4370121528628514
MPGLVDSNPAPPESQEKKPLKPCCACPETKKARDACIIEKGEEHCGHLIEAHKECMRALGFKI,0.23381247975931
MATEGDVELELETETSGPERPPEKPRKHDSGAADLERVTDYAEEKEIQSSNLETAMSVIGDRRSREQKAKQEREKELAKVTIKKEDLELIMTEMEISRAAAERSLREHMGNVVEALIALTN,0.5012117483963906
MDVFMKGLSMAKEGVVAAAEKTKQGVTEAAEKTKEGVLYVGSKTREGVVQGVASVAEKTKEQASHLGGAVFSGAGNIAAATGLVKREEFPTDLKPEEVAQEAAEEPLIEPLMEPEGESYEDPPQEEYQEYEPEA,0.4266735119855063
MACAAARSPADQDRFICIYPAYLNNKKTIAEGRRIPISKAVENPTATEIQDVCSAVGLNVFLEKNKMYSREWNRDVQYRGRVRVQLKQEDGSLCLVQFPSRKSVMLYAAEMIPKLKTRTQKTGGADQSLQQGEGSKKGKGKKKK,0.27344657396856603
MSERQGAGATNGKDKTSGENDGQKKVQEEFDIDMDAPETERAAVAIQSQFRKFQKKKAGSQS,0.3471073864718265
MPLPVALQTRLAKRGILKHLEPEPEEEIIAEDYDDDPVDYEATRLEGLPPSWYKVFDPSCGLPYYWNADTDLVSWLSPHDPNSVVTKSAKKLRSSNADAEEKLDRSHDKSDRGHDKSDRSHEKLDGHDKSDRGHDKSDRDRERGYDKVDRERERDRERDRDRGYDKADREEGKERRHHRREELAPYPKSKKAVSRKDEELDPMDPSSYSDAPRGTWSTGLPKRNEAKTGADTTAAGPLFQQRPYPSPAVLRANAEASRTKQQD,0.34316795279331547
NNATTVAPSVGITRLINSSTAEPVKEEAKTSNPTSSLTSLSVAPTFSPNITLGPTYLTTVNSSDSDNGTTRTASTNSIGITISPNGTWLPDNQFTDARTEPWEGNSSTAATTPETFPPSDETDIGGLNDIFEAQKIQWHEILNVKSIDYKDDDDKASITLAAARLADPEEPKSCDKTHTCPPCPAPELLGGPSVFLFPPKPKDTLMISRTPEVTCVVVDVSHEDPEVKFNWYVDGVEVHNAKTKPREEQYNSTYRVVSVLTVLHQDWLNGKEYKCKVSNKALPAPIEKTISKAKGQPREPQVYTLPPSRDELTKNQVSLTCLVKGFYPSDIAVEWESNGQPENNYKTTPPVLDSDGSFFLYSKLTVDKSRWQQGNVFSCSVMHEALHNHYTQKSLSLSPGK,0.6429969979459959
PVERILEAELAVEPKTETYVEANMGLNPSSPNDPVTNICQAADKQLFTLVEWAKRIPHFSELPLDDQVILLRAGWNELLIASFSHRSIAVKDGILLATGLHVHRNSAHSAGVGAIFDRVLTELVSKMRDMQMDKTELGCLRAIVLFNPDSKGLSNPAEVEALREKVYASLEAYCKHKYPEQPGRFAKLLLRLPALRSIGLKCLEHLFFFKLIGDTPIDTFLMEMLEAP,0.24644038978968721
MGLSFSGTRPCCCRNNVLITDDGEVVSLTAHDFDVVDIESEEEGNFYVPPDMRGVTRAPGRQRLRSSDPPSRHTHRRTPGGACPATQFPPPMSDSEWSHPQFEK,0.33071954663107594
AAQKRPSQRSKYLASASTMDHARHGFLPRHRDTGILDSLGRFFGSDRGAPKRGSGKDGHHAARTTHYGSLPQKAQGHRPQDENPVVHFFKNIVTPRTPPPSQGKGRGLSLSRFSWGAEGQKPGFGYGGRASDYKSAHKGLKGHDAQGTLSKIFKLGGRDSRSGSPMARR,0.36964320594738137
MDVFKKGFSIAKEGVVGAVEKTKQGVTEAAEKTKEGVMYVGAKTKENVVQSVTSVAEKTKEQANAVSEAVVSSVNTVATKTVEEAENIAVTSGVVRKEDLRPSAPQQEGEASKEKEEVAEEAQSGGD,0.568154511988063
MTMGDKKSPTRPKRQAKPAADEGFWDCSVCTFRNSAEAFKCSICDVRKGTSTRKPRINSQLVAQQVAQQYATPPPPKKEKKEKVEKQDKEKPEKDKEISPSVTKKNTNKKTKPKSDILKDPPSEANSIQSANATTKTSETNHTSRPRLKNVDRSTAQQLAVTVGNVTVIITDFKEKTRSSSTSSSTVTSSAGSEQQNQSSSGSESTDKGSSRSSTPKGDMSAVNDESF,0.41697713952415083
MGGKLSKKKKGYNVNDEKAKEKDKKAEGAATEEEGTPKESEPQAAAEPAEAKEGKEKPDQDAEGKAEEKEGEKDAAAAKEEAPKAEPEKTEGAAEAKAEPPKAPEQEQAAPGPAAGGEAPKAAEAAAAPAESAAPAAGEEPSKEEGEPKKTEAPAAPAAQETKSDGAPASDSKPGSSEAAPSSKETPAATEAPSSTPKAQGPAASAEEPKPVEAPAANSDQTVTVKE,0.45923975438401415
MLCCMRRTKQVEKNDDDQKIEQDGIKPEDKAHKAATKIQASFRGHITRKKLKGEKKDDVQAAEAEANKKDEAPVADGVEKKGEGTTTAEAAPATGSKPDEPGKAGETPSEEKKGEGDAATEQAAPQAPASSEEKAGSAETESATKASTDNSPSSKAEDAPAKEEPKQADVPAAVTAAAATTPAAEDAAAKATAQPPTETGESSQAEENIEAVDETKPKESARQDEGKEEEPEADQEHA,0.4161836130324817
MMDLELPPPGLPSQQDMDLIDILWRQDIDLGVSREVFDFSQRRKEYELEKQKKLEKERQEQLQKEQEKAFFAQLQLDEETGEFLPIQPAQHIQSETSGSANYSQVAHIPKSDALYFDDCMQLLAQTFPFVDDNEVSSATFQSLVPDIPGHIESPVFIATNQAQSPETSVAQVAPVDLDGMQQDIEQVWEELLSIPELQCLNIENDKLVETTMVPSPEAKLTEVDNYHFYSSIPSMEKEVGNCSPHFLNAFEDSFSSILSTEDPNQLTVNSLNSDATVNTDFGDEFYSAFIAEPSISNSMPSPATLSHSLSELLNGPIDVSDLSLCKAFNQNHPESTAEFNDSDSGISLNTSPSVASPEHSVESSSYGDTLLGLSDSEVEELDSAPGSVKQNGPKTPVHSSGDMVQPLSPSQGQSTHVHDAQCENTPEKELPVSPGHRKTPFTKDKHSSRLEAHLTRDELRAKALHIPFPVEKIINLPVVDFNEMMSKEQFNEAQLALIRDIRRRGKNKVAAQNCRKRKLENIVELEQDLDHLKDEKEKLLKEKGENDKSLHLLKKQLSTLYLEVFSMLRDEDGKPYSPSEYSLQQTRDGNVFLVPKSKKPDVKKN,0.2976978130685005
MEAPAERALPRLQALARPPPPISYEEELYDCLDYYYLRDFPACGAGRSKGRTRREQALRTNWPAPGGHERKVAQKLLNGQRKRRQRQLHPKMRTRLT,0.3208270199248457
MADAGIRRVVPSDLYPLVLGFLRDNQLSEVANKFAKATGATQQDANASSLLDIYSFWLKSAKVPERKLQANGPVAKKAKKKASSSDSEDSSEEEEEVQGPPAKKAAVPAKRVGLPPGKAAAKASESSSSEESSDDDDEEDQKKQPVQKGVKPQAKAAKAPPKKAKSSDSDSDSSSEDEPPKNQKPKITPVTVKAQTKAPPKPARAAPKIANGKAASSSSSSSSSSSSDDSEEEKAAATPKKTVPKKQVVAKAPVKAATTPTRKSSSSEDSSSDEEEEQKKPMKNKPGPYSSVPPPSAPPPKKSLGTQPPKKAVEKQQPVESSEDSSDESDSSSEEEKKPPTKAVVSKATTKPPPAKKAAESSSDSSDSDSSEDDEAPSKPAGTTKNSSNKPAVTTKSPAVKPAAAPKQPVGGGQKLLTRKADSSSSEEESSSSEEEKTKKMVATTKPKATAKAALSLPAKQAPQGSRDSSSDSDSSSSEEEEEKTSKSAVKKKPQKVAGGAAPSKPASAKKGKAESSNSSSSDDSSEEEEEKLKGKGSPRPQAPKANGTSALTAQNGKAAKNSEEEEEEKKKAAVVVSKSGSLKKRKQNEAAKEAETPQAKKIKLQTPNTFPKRKKGEKRASSPFRRVREEEIEVDSRVADNSFDAKRGAAGDWGERANQVLKFTKGKSFRHEKTKKKRGSYRGGSISVQVNSIKFDSE,0.34529686293690964
MAPGQAPHQATPWRDAHPFFLLSPVMGLLSRAWSRLRGLGPLEPWLVEAVKGAALVEAGLEGEARTPLAIPHTPWGRRPEEEAEDSGGPGEDRETLGLKTSSSLPEAWGLLDDDDGMYGEREATSVPRGQGSQFADGQRAPLSPSLLIRTLQGSDKNPGEEKAEEEGVAEEEGVNKFSYPPSHRECCPAVEEEDDEEAVKKEAHRTSTSALSPGSKPSTWVSCPGEEENQATEDKRTERSKGARKTSVSPRSSGSDPRSWEYRSGEASEEKEEKAHKETGKGEAAPGPQSSAPAQRPQLKSWWCQPSDEEEGEVKALGAAEKDGEAECPPCIPPPSAFLKAWVYWPGEDTEEEEDEEEDEDSDSGSDEEEGEAEASSSTPATGVFLKSWVYQPGEDTEEEEDEDSDTGSAEDEREAETSASTPPASAFLKAWVYRPGEDTEEEEDEDVDSEDKEDDSEAALGEAESDPHPSHPDQRAHFRGWGYRPGKETEEEEAAEDWGEAEPCPFRVAIYVPGEKPPPPWAPPRLPLRLQRRLKRPETPTHDPDPETPLKARKVRFSEKVTVHFLAVWAGPAQAARQGPWEQLARDRSRFARRITQAQEELSPCLTPAARARAWARLRNPPLAPIPALTQTLPSSSVPSSPVQTTPLSQAVATPSRSSAAAAAALDLSGRRG,0.3122209608175439
MSSSAGSGHQPSQSRAIPTRTVAISDAAQLPHDYCTTPGGTLFSTTPGGTRIIYDRKFLLDRRNSPMAQTPPCHLPNIPGVTSPGTLIEDSKVEVNNLNNLNNHDRKHAVGDDAQFEMDI,0.34872238421394325
MPLPVALQTRLAKRGILKHLEPEPEEEIIAEDYDDDPVDYEATRLEGLPPSWYKVFDPSCGLPYYWNADTDLVSWLSPHDPNSVVTKSAKKLRSSNADAEEKLDRSHDKSDRGHDKSDRSHEKLDRGHDKSDRGHDKSDRDRERGYDKVDRERERDRERDRDRGYDKADREEGKERRHHRREELAPYPKSKKAVSRKDEELDPMDPSSYSDAPRGTWSTGLPKRNEAKTGADTTAAGPLFQQRPYPSPGAVLRANAEASRTKQQD,0.34575826453983943
MVRTKADSVPGTYRKVVAARAPRKVLGSSTSATNSTSVSSRKAENKYAGGNPVCVRPTPKWQKGIGEFFRLSPKDSEKENQIPEEAGSSGLGKAKRKACPLQPDHTNDEKE,0.5267066671646774
MSDAAVDTSSEITTKDLKEKKEVVEEAENGRDAPANGNAENEENGEQEADNEVDEEEEEGGEEEEEEEEGDGEEEDGDEDEEAESATGKRAAEDDEDDDVDTKKQKTDEDD,0.43959233290079935
MSARGEGAGQPSTSAQGQPAAPAPQKRGRGRPRKQQQEPTGEPSPKRPRGRPKGSKNKSPSKAAQKKAEATGEKRPRGRPRKWPQQVVQKKPAQEETEETSSQESAEED,0.6456154522759371
MESSAKMESGGAGQQPQPQPQQPFLPPAACFFATAAAAAAAAAAAAAQSAQQQQQQQQQQQQAPQLRPAADGQPSGGGHKSAPKQVKRQRSSSPELMRCKRRLNFSGFGYSLPQQQPAAVARRNERERNRVKLVNLGFATLREHVPNGAANKKMSKVETLRSAVEYIRALQQLLDEHDAVSAAFQAGVLSPTISPNYSNDLNSMAGSPVSSYSSDEGSYDPLSPEEQELLDFTNWF,0.38660154012008247
MRLLILTCLVAVALARPKLPLRYPERLQNPSESSEPIPLESREEYMNGMNRQRNILREKQTDEIKDTRNESTQNCVVAEPEKMESSISSSSEEMSLSKCAEQFCRLNEYNQLQLQAAHAQEQIRRMNENSHVQVPFQQLNQLAAYPYAVWYYPQIMQYVPFPPFSDISNPTAHENYEKNNVMLQW,0.39336626458043056
MQQRGLAIVALAVCAALHASEAILPIASSCCTEVSHHISRRLLERVNMCRIQRADGDCDLAAVILHVKRRRICVSPHNHTVKQWMKVQAAKKNGKGNVCHRKKHHGKRNSNRAHQGKHETYGHKTPY,0.22650257827586473
MAPRGFSCLLLLTSEIDLPVKRRA,0.30658708563403925
MLGPHLPPPPLAPSEGRPTPCAFQIPDGSYRCLALEAEESSGEEGLQGEVGPTDLEEDEGVSRSGDDSACRVTQGTPQLPKALGIQPPSCSREEQGASQHDDRASQDWDVVKAGQMMTASPSPGPGPRVAQKPALGRSTSLTEKDLKEAKARSQQIAAQLTTPPSSNSRGVQLFNRRRQRVNEFTLESHGQRGQKPSQESLRVLPSSLPGHAPGLSLSSTSLPEPGPPRHPSPQSPDRGVPGHSMEGYSEEASLLRHLEKVASEEEEVPLVVYLKENAALLTANGLHLSQNREAQQSSPAPPPAEVHSPAADVNQNLASPSATLTTPTSNSSHNPPATDVNQNPPATVVPQSLPLSSIQQNSSEAQLPSNGTGPASKPSTLCADGQPQAPAEEVRCSTLLIDKVSTPATTTSTFSREATLIPSSRPPASDFMSSSLLIDIQPNTLVVSADQEMSGRAAATTPTKVYSEVHFTLAKPPSVVNRTARPFGIQAPGGTSQMERSPMLERRHFGEKAPAPQPPSLPDRSPRPQRHIMSRSPMVERRMMGQRSPASERRPLGNFTAPPTYTETLSTAPLASWVRSPPSYSVLYPSSDPKSSHLKGQAVPASKTGILEESMARRGSRKSMFTFVEKPKVTPNPDLLDLVQTADEKRRQRDQGEVGVEEEPFALGAEASNFQQEPAPRDRASPAAAEEVVPEWASCLKSPRIQAKPKPKPNQNLSEASGKGAELYARRQSRMEKYVIESSSHTPELARCPSPTMSLPSSWKYPTNAPGAFRVASRSPARTPPASLYHGYLPENGVLRPEPTKQPPYQLRPSLFVLSPIKEPAKVSPRAASPAKPSSLDLVPNLPKGALPPSPALPRPSRSSPGLYTSPGQDSLQPTAVSPPYGGDISPVSPSRAWSPRAKQAPRPSFSTRNAGIEAQVWKPSFCFK,0.3069080293121508
METVQELIPLAKEMMAQKRKGKMVKLYVLGSVLALFGVVLGLMETVCSPFTAARRLRDQEAAVAELQAALERQALQKQALQEKGKQQDTVLGGRALSNRQHAS,0.5631624462374449
MASNEDFSITQDLEIPADIVELHDINVEPLPMEDIPTESVQYEDVDGNWIYGGHNHPPLMVLQPLFTNTGYGDHDQEMLMLQTQEEVVGYCDSDNQLGNDLEDQLALPDSIEDEHFQMTLASLSASAASTSTSTQSRSKKPSKKPSGKSATSTEANPAGSSSSLGTRKWEQKQMQVKTLEGEFSVTMWSPNDNNDQGAVGEGQAENPPDYSEYLKGKKLPPGGLPGIDLSDPKQLAEFTKVKPKRSKGEPPKTVPCSYSGCEKMFRDYAAMRKHLHIHGPRVHVCAECGKAFLESSKLRRHQLVHTGEKPFQCTFEGCGKRFSLDFNLRTHLRIHTGDKPFVCPFDVCNRKFAQSTNLKTHILTHVKTKNNP,0.2831695116809444
MSAEVPEAASAEEQKEMEDKVTSPEKAEEAKLKARYPHLGQKPGGSDFLRKRLQKGQKYFDSGDYNMAKAKMKNKQLPTAAPDKTEVTGDHIPTPQDLPQRKPSLVASKLAG,0.3751633535502889
MSSPPEGKLETKAGHPPAVKAGGMRIVQKHPHTGDTKEEKDKDDQEWESPSPPKPTVFISGVIARGDKDFPPAAAQVAHQKPHASMDKHPSPRTQHIQQPRK,0.40155519204290174
MPLSGTPAPNKKRKSSKLIMELTGGGQESSGLNLGKKISVPRDVMLEELSLLTNRGSKMFKLRQMRVEKFIYENHPDVFSDSSMDHFQKFLPTVGGQLGTAGQGFSYSKSNGRGGSQAGGSGSAGQYGSDQQHHLGSGSGAGGTGGPAGQAGRGGAAGTAGVGETGSGDQAGGEGKHITVFKTYISPWERAMGVDPQQKMELGIDLLAYGAKAELPKYKSFNRTAMPYGGYEKASKRMTFQMPKFDLGPLLSEPLVLYNQNLSNRPSFNRTPIPWLSSGEPVDYNVDIGIPLDGETEEL,0.36439886763064533
MEPPEGAGTGEIVKEAEVPQAALGVPAQGTGDNGHTPVEEEVGGIPVPAPGLLQVTERRQPLSSVSSLEVHFDLLDLTELTDMSDQELAEVFADSDDENLNTESPAGLHPLPRAGYLRSPSWTRTRAEQSHEKQPLGDPERQATVLDTFLTVERPQED,0.4599548136945052
MAKVTSEPQKPNEDVDEQTPSTSSTKGRKKGKTPRQRRSRSGVKGLKTTRKAKRPLRGSSSQKAGETNTPAGKPKKARGPILRGRYHRLKEKMKKEEADKEQSETSVL,0.5559529152006777
MSAALLRRGLELLAASEAPRDPPGQAKPRGAPVKRPRKTKAIQAQKLRNSAKGKVPKSALDEYRKRECRDHLRVNLKFLTRTRSTVAESVSQQILRQNRGRKACDRPVAKTKKKKAEGTVFTEEDFQKFQQEYFGS,0.41906873989557974
GSMTDETAHPTQSASKQESAALKQTGDDQQESQQQRGYTNYNNGSNYTQKKPYNSNRPHQQRGGKFGPNRYNNRGNYNGGGSFRGGHMGANSSNVPWTGYYNNYPVYYQPQQMAAAGSAPANPIPVEEKSPVPTKIEITTKSGEHLDLKEQHKAKLQSQERSTVSPQPESKLKETSDSTSTSTPTPTPSTNDSKASSEENISEAEKTRRNFIEQVKLRKAALEKKRKEQLEGSSGNNNIPMKTTPENVEEK,0.4919982086414313
ADPEDPRDAGDVLGDDSFPLSSLANLFEVEDTPSPAEPSRGPPGAVDGKQNLRMKFHGAFRKGPPKPMELLESTIYESSVVPAPKKAPMDSLFDYGTYRQHPSENKRWRRRVVEKPVAGTKGPAPNPPPILKV,0.3970222281393943
ERQQDRRKPRQNNRRDRNERRDTRSERTEGSDNREENRRNRRQAQQQTAETRESRQQAEVTEKARTADEQQAPRRERSRRRNDDKRQAQQEAKALNVEEQSVQETEQEERVRPVQPRRKQRQLNQKVRYEQSVAEEAVVAPVVEETVAAEPIVQEAPAPRTELVKVPLPVVAQTAPEQQEENNADNRDNGGMPRRSRRSPRHLRVSGQRRRRYRDERYPTQSPMPLTVACASPELASGKVWIRYPIVRHHHHHH,0.4989236197884083
GSMSHFEPPTLHELYDLDVTAPEDPNEEAVSQIFPDSVMLAVQEGIDLLTFPPAPGSPEPPHLSRQPEQPEQRALGPVSMPNLVPEVIDLYCYEQLNPPSDDEDEEGEEFVLDY,0.5300218744668957
MSYYHHHHHHLESTSLYKKAGSTPTEEPPVIPEYYYGSGRRGDLSKSPPRGNVNLDSIKIYTSDDEDENQLEYEDEFAKSSSEVVIDTTPEDNDSINQEEVVGDPSDQGLEHPFPLGKFPEKEETPDVRRKDS,0.4590569512861747
SASSSPSPSTPTKSGKMRSRSSSPVRPKAYTPSPRSPNYHRFALDSPPQSPRRSSNSSITKKGSRRSSGSSPTRHTTRVCV,0.43693368830540164
DSHAKRHHGYKRKFHEKHHSHRGY,0.36069068898122264
GCTNENANTPAARLHRFKNKGKDSTEMRRRRIEVNVELRKAKKDDQMLKRRNVSSFPDDATSPLQENRNNQGTVNWSVDDIVKGINSSNVENQLQATUA,0.4503291625831281
GSSHHHHHHSSGLVPRGSHMQIVATNLPPEDQDGSGDDSDNFSGSGAGALQDITLSQQTPSTWKDTQLLTAIPTSPEPTGLEATAASTSTLPAGEGPKEGEAVVLPEVEPGLTAREQEATPRPRETTQLPTTHLASTTTATTAQEPATSHPHRDMQPGHHETSTPAGPSQADLHTPHTEDGGPSATERAAEDGASSQLPAAEGSGEQDFTFETSGENTAVVAVEPDRRNQSPVDQGATGASQGLLDRKEVLGDYKDDDDK,0.49397738343155256
GSSHHHHHHSSGLVPRGSHMESRAELTSDKDMYLDNSSIEEASGVYPIDDDDYASASGSGADEDVESPELTTSRPLPKILLTSAAPKVETTTLNIQNKIPAQTKSPEETDKEKVHLSDSERKMDPAEEDTNVYTEKHSDSLFKRTEDYKDDDDK,0.501144623393746
MGSSHHHHHHSSGLVPRGSMAQRWRSENFERPVDLEGSGDDDSFPDDELDDLYSGSGSGYFEQESGIETAMETRFSPDVALAVSTTPAVLPTTNIQPVGTPFEELPSERPTLEPATSPLVVTEVPEEPSQRATTVSTTMETATTAATSTGDPTVATVPATVATATPSTPAAPPFTATTAVIRTTGVRRLLPLPLTTVATARATTPEAPSPPTTAAVLDTEAPTPRLVSTATSRPRALPRPATTQEPDIPERSTLPLGTTAPGPTEVAQTPTPETFLTTIRDEPEVPVSGGPSGDFELPEEETTQPDTANEVVAVGGAAAKASSPPGTLPKGARPGPGLLDNAIDSGSSAAQLPQKSILERKEVLVDYKDDDDK,0.5193487041012478
GSSHHHHHHSSGLVPRGSHMESIRETEVIDPQDLLEGRYFSGALPDDEDVVGPGQESDDFELSGSGDLDDLEDSMIGPEVVHPLVPLDNHIPERAGSGSQVPTEPKKLEENEVIPKRISPVEESEDVSNKVSMSSTVQGSNIFERTEVLAGCPEHDYKDDDDK,0.4777685221641978
GKGDPKKPRG KMSSYAFFVQTCREEHKKKHPDASVNFSEFSKKCSERWKTMSAKEKGKFEDMAKADKARY EREMKTYIPPKGETKKKFKDPNAPKRPPSAFFLFCSEYRP KIKGEHPGLSIGDVAKKLGEMWNNTAADDKQPYEKKAAKLKEKYEKDIAAYRAKGKPDAAKKGVVKAEKSKKKKEEEEDEEDEEDEEEEEDEEDEDEEEDDDDD,0.2617637739872182
GAMSNAPSSMMVKDEYVHDFEGQPSLSTEGHSIQTIQHPPSNRASTETYSTPALLAPSESNATSTANFPNIPVASTSQPASILGGSHSEGLLQIASGPQPGQQQNGFTGQPATYHHNSTTTWTGSRTAPYTPNLPHHQNGHLQHHPPMPPHPGHYWPVHNELAFQPPISNHPAPEYWCSIAYFEMDVQVGETFKVPSSCPIVTVDGYVDPSGGDRFCLGQLSNVHRTEAIERARLHIGKGVQLECKGEGDVWVRCLSDHAVFVQSYYLDREAGRAPGDAVHKIYPSAYIKVFDLRQCHRQMQQQAATAQAAAAAQAAAVAGNIPGPGSVGGIAPAISLSAAAGIGVDDLRRLCILRMSFVKGWGPDYPRQSIKETPCWIEIHLHRALQLLDEVLHTMPIADPQPLD,0.2543010866293262
SAYSGLQSSSYLMSARSFPA,0.3341781478251816
ATKAEEAKDEPPSEGEA,0.32832907589659094
SEEEEKKEESAGEEQV,0.3675644917357319
MLEHVQHIIGGAGNDSITGNAHDNFLAGGSGDDRLDGGAGNDTLVGGEGQNTVIGGAGDDVFLQDLGVWSNQLDGGAGVDTVKYNVHQPSEERLERMGDTGIHADLQKGTVEKWPALNLFSVDHVKNIENLHGSRLNDRIAGDDQDNELWGHDGNDTIRGRGGDDILRGGLGLDTLYGEDGNDIFLQDDETVSDDIDGGAGLDTVDYSAMIHPGRIVAPHEYGFGIEADLSREWVRKASALGVDYYDNVRNVENVIGTSMKDVLIGDAQANTLMGQGGDDTVRGGDGDDLLFGGDGNDMLYGDAGNDTLYGGLGDDTLEGGAGNDWFGQTQAREHDVLRGGDGVDTVDYSQTGAHAGIAAGRIGLGILADLGAGRVDKLGEAGSSAYDTVSGIENVVGTELADRITGDAQANVLRGAGGADVLAGGEGDDVLLGGDGDDQLSGDAGRDRLYGEAGDDWFFQDAANAGNLLDGGDGRDTVDFSGPGRGLDAGAKGVFLSLGKGFASLMDEPETSNVLRNIENAVGSARDDVLIGDAGANVLNGLAGNDVLSGGAGDDVLLGDEGSDLLSGDAGNDDLFGGQGDDTYLFGVGYGHDTIYESGGGHDTIRINAGADQLWFARQGNDLEIRILGTDDALTVHDWYRDADHRVEIIHAANQAVDQAGIEKLVEAMAQYPDPGAAAAAPPAARVPDTLMQSLAVNWR,0.2685760874403412
MLEHVQHIIGGAGNDSITGNAHDNFLAGGSGDDRLDGGAGNDTLVGGEGQ NTVIGGAGDDVFLQDLGVWSNQLDGGAGVDTVKYNVHQPSEERLERMGDT GIHADLQKGTVEKWPALNLFSVDHVKNIENLHGSRLNDRIAGDDQDNELW GHDGNDTIRGRGGDDILRGGLGLDTLYGEDGNDIFLQDDETVSDDIDGGA GLDTVDYSAMIHPGRIVAPHEYGFGIEADLSREWVRKASALGVDYYDNVR NVENVIGTSMKDVLIGDAQANTLMGQGGDDTVRGGDGDDLLFGGDGNDML YGDAGNDTLYGGLGDDTLEGGAGNDWFGQTQAREHDVLRGGDGVDTVDYS QTGAHAGIAAGRIGLGILADLGAGRVDKLGEAGSSAYDTVSGIENVVGTE LADRITGDAQANVLRGAGGADVLAGGEGDDVLLGGDGDDQLSGDAGRDRL YGEAGDDWFFQDAANAGNLLDGGDGRDTVDFSGPGRGLDAGAKGVFLSLG KGFASLMDEPETSNVLRNIENAVGSARDDVLIGDAGANVLNGLAGNDVLS GGAGDDVLLGDEGSDLLSGDAGNDDLFGGQGDDTYLFGVGYGHDTIYESG GGHDTIRINAGADQLWFARQGNDLEIRILGTDDALTVHDWYRDADHRVEI IHAANQAVDQAGIEKLVEAMAQYPDPGAAAAAPPAARVPDTLMQSLAVNWR,0.5026749931051883
MPKRKVSSAEGAAKEEPKRRSARLSAKPPAKVEAKPKKAAAKDKSSDKKVQTKGKRGAKGKQAEVANQETKEDLPAENGETKTEESPASDEAGEKEAKSD,0.5450885412460704
MQHPPCEPGNCLSLKEKKITEGSGGVCWGGETDASNPAPALTACCAAEREANVEQGLAGRLLLCNYERRVVRRCKIAGRGRAPLGTRPLDVSSFKLKEEGRPPCLKINK,0.35657422468796524
MEPGTGGSRKRLGPRAGFRFWPPFFPRRSQAGSSKFPTPLGPENSGNPTLLSSAQPETRVSYWTKLLSQLLAPLPGLLQKVLIWSQLFGGMFPTRWLDFAGVYSALRALKGREKPAAPTAQKSLSSLQLDSSDPSVTSPLDWLEEGIHWQYSPPDLKLELKAKGSALDPAAQAFLLEQQLWGVELLPSSLQSRLYSNRELGSSPSGPLNIQRIDNFSVVSYLLNPSYLDCFPRLEVSYQNSDGNSEVVGFQTLTPESSCLREDHCHPQPLSAELIPASWQGCPPLSTEGLPEIHHLRMKRLEFLQQASKGQDLPTPDQDNGYHSLEEEHSLLRMDPKHCRDNPTQFVPAAGDIPGNTQESTEEKIELLTTEVPLALEEESPSEGCPSSEIPMEKEPGEGRISVVDYSYLEGDLPISARPACSNKLIDYILGGASSDLETSSDPEGEDWDEEAEDDGFDSDSSLSDSDLEQDPEGLHLWNSFCSVDPYNPQNFTATIQTAARIVPEEPSDSEKDLSGKSDLENSSQSGSLPETPEHSSGEEDDWESSADEAESLKLWNSFCNSDDPYNPLNFKAPFQTSGENEKGCRDSKTPSESIVAISECHTLLSCKVQLLGSQESECPDSVQRDVLSGGRHTHVKRKKVTFLEEVTEYYISGDEDRKGPWEEFARDGCRFQKRIQETEDAIGYCLTFEHRERMFNRLQGTCFKGLNVLKQC,0.2975434745012714
MEPYTDSNVPEGDSVPEAHWTKLQHSLDTALRRARSAPTAPIAARVTGQTRNITVDPRLFKKRRLHSPRVLFSTQPPPTSSDTLDLDFQAHGTIPFNRTHRSKRSSTHPVFHMGEFSVCDSVSVWVGDKTTATDIKGKEVTVLAEVNINNSVFRQYFFET KCRASNPVESGCRGIDSKHWNSYCTTTHTFVKALTTDEKQAAWRFIRIDTACVCVLSRKATR,0.25873473590978285
GEFNTIQQLMMILNSASDQPSENLISYFNNCTVNPKESILKRVKDIGYIFKEKFAKAVGQGCVEIGSQRYKLGVRLYYRVMESMLKSEEERLSIQNFSKLLNDNIFHMSLLACALEVVMATYSRSTSQNLDSGTDLSFPW ILNVLNLKAFDFYKVIESFIKAEGNLTREMIKHLERCEHRIMESLAWLSDSPLFDLIKQSKLVPRGSKSTSLSLFYKKVYRLAYLRLNTLCERLLSEHPELEHIIWTLFQHTLQNEYELMRDRHLDQIMMCSMYGICKVK NIDLKFKIIVTAYKDLPHAVQETFKRVLIKEEEYDSIIVFYNSVFMQRLKTNILQYASTRPPTLSPIPHIPR,0.19608588883915065
MADERKDEGKAPHWTSASLTEAAAHPHSPEMKDQGGSGEGLSRSANGFPYREEEEGAFGEHGSQGTYSDTKENGINGELTSADRETAEEVSARIVQVVTAEAVAVLKGEQEKEAQHKDQPAALPLAAEETVNLPPSPPPSPASEQTAALEEATSGESAQAPSAFKQAKDKVTDGITKSPEKRSSLPRPSSILPPRRGVSGDREENSFSLNSSISSARRTTRSEPIRRAGKSGTSTPTTPGSTAITPGTPPSYSSRTPGTPGTPSYPRTPGTPKSGILVPSEKKVAIIRTPPKSPATPKQLRLINQPLPDLKNVKSKIGSTDNIKYQPKGGQVQIVTKKIDLSHVTSKCGSLKNIRHRPGGGRVKIESVKLDFKEKAQAKVGSLDNAHHVPGGGNVKIDSQKLNFREHAKARVDHGAEIITQSPSRSSVASPRRLSNVSSSGSINLLESPQLATLAEDVTAALAKQGL,0.6025185259105046
HGHVNYFNDGAEKFEGYDVTKLPYQNPAPDVYGWANGATDNGFVAPSAYTGADIICHRDSKNAALTAKVAAGDKLQIFWDTWPESHKGPVIDYLASCGDDCSTVDKTSLEFFKIQEAGLTSGSWASDELIAKNFSWEVTIPTSLKPGKYVWRHEIIALHSAGQEDGAQNYPQCLNIEVTGSGSELPAGTKGTSLYTPTDAGILVSIYNNLDSYEIPGPKLPAAFGGSGSGSGSSAAPAPTSTAAPVASAPAVTSAPAAATTTAAAEAAVTSAPASAQQPAPTGGATAPTCEEKRRRRLARRMARQHARDVVRRV,0.5503475453697232
EKEEGEEEEGAEEEEAAKDE,0.3341781478251816
SEDTKEEEEGGEGEEEDTKE,0.3341781478251816
MAHHHHHHVDDDDKIMPLSGTPAPNKKRKSSKLIMELTGGGQESSGLNLGKKISVPRDVMLEELSLLTNRGSKMFKLRQMRVEKFIYENHPDVFSDSSMDHFQKFLPTVGGQLGTAGQGFSYSKSNGRGGSQAGGSGSAGQYGSDQQHHLGSGSGAGGTGGPAGQAGRGGAAGTAGVGETGSGDQAGGEAE,0.3720976765320431
ERADGQSRLHDSKGQTKLLQLLTTKSDQMEPSPLASSLSDTNKDSTGSLPGSGSTHGTSLKEKHKILHRLLQDSSSPVDLAKLTAEATGKDLSQESSSTAPGSEVTIKQEPVSPKKKENALLRYLLDKDDTKDIGLPEITPKLERLDSKT,0.43608762918257044
MSARVRSRSRGRGDGQEAPDVVAFVAPGESQQEEPPTDNQDIEPGQEREGTPPIEERKVEGDCQEMDLEKTRSERGDGSDVKEKTPPNPKHAKTKEAGDGQP,0.45296537233905176
GSMTPSTPPRSRGTRYLAQPSGNTSSSALMQGQKTPQKPSQNLVPVTPSTTKSFKNAPLLAPPNSNMGMTPFNGLTPQRPFPKSSVKRT,0.4323852550179884
GAQTRSLNMLGRKTCLGRRVVQPGMFADYPPTKKARVLLRRMSNYHHHHHH,0.39221899415603606
GAQTRNIHLLGRKTCLGRRVVQPGMFEDHPPTKKARVSMRRMSNYHHHHHH,0.39221899415603606
MSEYIRVTEDENDEPIEIPSEDDGTVLLSTVTAQFPGACGLRYRNPVSQCMRGVRLVEGILHAPDAGWGNLVYVVNYPKDNKRKMDETDASSAVKVKRAVQKTSDLIVLGLPWKTTEQDLKEYFSTFGEVLMVQVKKDLKTGHSKGFGFVRFTEYETQVKVMSQRHMIDGRWCDCKLPNSKQSQDEPLRSRKVFVGRCTEDMTEDELREFFSQYGDVMDVFIPKPFRAFAFVTFADDQIAQSLCGEDLIIKGISVHISNAEPKHNSNRQLERSGRFGGNPGGFGNQGGFGNSRGGGAGLGNNQGSNMGGGMNFGAFSINPAMMAAAQAALQSSWGMMGMLASQQNQSGPSGNNQNQGNMQREPNQAFGSGNNSYSGSNSGAAIGWGSASNAGSGSGFNGGFGSSMDSKSSGWGM,0.3133298681592589
MDAQTRRRERRAEKQAQWKAANPLLVGVSAKPVNRPILSLNRKPKSRVESALNPIDLTVLAEYHKQIESNLQRIERKNQRTWYSKPGERGITCSGRQKIKGKSIPLI,0.5173229876085833
GYGGKFGVEQDRMDRSAVGHEYQSKLSKHCSQVDSVRGFGGKFGVQMDRVDQSAVGFEYQGKTEKHASQKDYSSGFGGKYGVQADRVDKSAVGFDYQGKTEKHESQKDYSKGFGGKYGIDKDKVDKSAVGFEYQGKTEKHESQKDYVKGFGGKFGVQTDRQDKCALGWDHQEKLQLHESQKDYKTGFGGKFGVQSERQDSSAVGFDYKERLAKHESQQDYAKGFGGKYGVQKDRMDKNASTF,0.4564794198271109
GSMEAGRPRPVLRSVNSREPSQVIFCNRSPRVVLPVWLNFDGEPQPYPTLPPGTGRRIHSYRG HLWLFRDAGTHDGLLV NQTELFVPSLNVDGQPIFANITLPVYTLKERCLQVVRSLVKPENYRRLDIVRSLYEDLEDHPNV QKDLERLTQERIAHQ RMGD,0.36119208386981055
AGGHSYGADLKSFDLGDELGTDPYEDFQENWNTKHSSGVTRELMRELNGG,0.20719155997506083
MGSNGADNAHNNAFGGGKNPGIGNTSGAGSNGSASSNRGNSNGWSWSNKPHKNDGFHSDGSYHITFHGDNNSKPKPGGNSGNRGNNGDGASSHHHHHH,0.3957488651201071
AAPEGGISDVVEKSIKEAQETCAGDPVSGECVAAWDEVEELSAAASHARDKKKADGSDPLEEYCKDNPETNECRTYDN,0.31159833871428766
SGSGPKNGEQYGAPFIEEEWAEDDDDDVDEPANQLVVSASVDNSLWGKGLNQSELDDNDIEELMSQVRDQSGPTLQQNGVSGLNSHVDTYNLENLEEDMYLEINDLMEPEPEPT,0.47701968702020614
MGSVPKPAPQPYTFPASLSTINFDEFSPMLLPSGQISNQALALAPSSAPVLAQTMVPSSAMVPLAQPPAPAPVLTPGPPQSLSAPVPKSTQAGEGTLSEALLHLQFDADEDLGALLGNSTDPGVFTDLASVDNSEFQQLLNQGVSMSHSTAEPMLMEYPEAITRLVTGSQRPPDPAPTPLGTSGLPNGLSGDEDFSSIADMDFSALLSQISSLEHHHHHH,0.27024354178689775
SGSGPKNGEQYGAPFIEEEWAEDDDDDVDEPANQLVVSASVDNSLWGKGLNQSELDDNDIEELMSQVRDQSGPTLQQNGVSGLNSHVDTYNLENLEEDMYLEINDLMEPEPEPT,0.47701968702020614
DSHAKRHHGYKRKFHEKHHSHRGY,0.36069068898122264
SMDEPPGKPLSCEEKEKLKEKLAFAKREYSKTLARLQRAQRAEKIKHSIKKTVEEQDCLSQQDLSPQLKHSEPKNKICVYDKLHIKTHLDEETGEKTSITLDVGPESFNPGDGPGGLPIQRTDDTQEHFPHRVSDPSGEQKQKLPSRRKKQQKRTFISQERDCVFGTDSLRLSGKRLKEQEEISSKNPARSPVTEWENLYFQS,0.5386411685909693
SSGGVGVPGVGVPGVGVPGVGVPGVGVPGVGVPGVGVPGVGVPGVGVPGVGVPGVGVPGVGVPGVGVPGVGVPGVGVPGVGVPGVGVPGVGVPGVGVPGVGVPGVGVPGVGVPGVGVPGVGVPGVGVPGVGVPGVGVPGVGVPGVGVPGVGVPGWPSGA,0.3563975250421768
MGSSHHHHHHSSGLVPRGSHMHVGKARASETQTNEAEDKLSRAAADVLCIMTDLTRKVVNPLADRLAELAAEDTANITRDAELVNTYVDDIDGMLGKDSDDPDGTKKRIKELCDGAKTKVKDMPENARNREASIKEKAVKAKESGKKTLEGTEASEGGNPVVGLKEVMSSYCRGGRKCEEGVVSSTLDPPEGEISCTNVTLDEKEKWISTLMVEAGANWTTSKPKKVVNCSTAGEPPCTPLDQWGTHYNDTKSHVVRIVGELDESYKDMLICENQLLLVYKIHKGLQEEKNHSEIISEGERISNRTLDVLIGMSGGHRSSSLEDGVNNTDLQDLEEARTLFAKKRRWIM,0.2630397693011512
MGCGPAYYNSHVQEEQTEVEETIEATKAEEAKDEPPSEGEAEEEEKEKEEGEEEEGAEEEEAAKDESEDTKEEEEGGEGEEEDTKESEEEEKKEESAGEEQVAKKKDGCG,0.6054328725578655
GMPIGNLGNNVNGNHLIPPAPPLPSQTDGAARGGTGHLISSTGALGSRSLFSPLRNSMADSVDSRDIPGLPTNPSRLAAATSETCLLGGFEVLHDKGPLDILNTQIGPSAFRVEVQADGTHAAIGEKNGLEVSVTLSPQEWSSLQSIDTEGKNRFVFTGGRGGSGHPMVTVASDIAEARTKILAKLDPDNHGGRQPKDVDTRSVGVGSASGIDDGVVSETHTSTTNSSVRSDPKWSHPQFEK,0.3363532567147133
GVDSRDIPGLPTNPSRLAAATSETCLLGGFEVLHDKGPLDILNTQIGPSAFRVEVQADGTHAAIGEKNGLEVSVTLSPQEWSSLQSIDTEGKNRFVFTGGRGGSGHPMVTVASDIAEARTKILAKLDPDNHGGRQPKDVDTWSHPQFEK,0.4018746752153087
GPRRNQPAEQTTTTTTHTVVQQQTGGNTPAQGGTDATRAEDASLNRRDSQGSVASTHWSDSSSEVVNPYAEVGGARNSLSAHQPEEHIYDEVAADPGYSVIQNFSGSGPVTGRLIGTPGQGIQSTYALLANSGGLRLGMGGLTSGGESAVSSVNAAPTPGPVRFVWSHPQFEK,0.42142175398426124
MKPVSLSYRCPCRFFESHVARANVKHLKILNTPNCALQIVARLKNNNRQVCIDPKLKWIQEYLEKALNKEYLEKALNK,0.23369875403571577
GKGDPKKPRGKMSSYAFFVQTCREEHKKKHPDASVNFSEFSKKCSERWKTMSAKEKGKFEDMAKADKARYEREMKTYIPPKGETKKKFKDPNAPKRPPSAFFLFCSEYRPKIKGEHPGLSIGDVAKKLGEMWNNTAADDKQPYEKKAAKLKEKYEKDIAAYRAKGKPDAAKKGVVKAEKSKKKKEEEEDEEDEEDEEEEEDEEDEDEEEDDDDD,0.26332349116985276
GAMDPMEGSKTSNNSTMQVSFVSQRSSQPLKLDTSFKILDRVTIQELTAPLLTTAQAKPGETQEEETNSGEEPFIETPRQDGVSRRFIPPARMMSTESANSFTLIGEVSDGGTMENLSRRLKVTGDLFDIMSGQTDVDHPLSEESTDTLLDQLDTY,0.47521164083878714
GSGGIEGRHAGRQKVQEMKEKFSTIIKAEMPTQSSSPDLPASQAPQQLERIVLYLIENLQKSVDSAETVGGQGMESLMDDGYSSPANTLTLEELAPSPTPALALVPPAPSSVKSSISKSVSVVNVTAARKFQQEHQKQRERDREQLKERTNSTQGVIRQLSSCLSEAETASCILSPASSLSASEAPDTPDPHSNTSPPPSLHTRPSVLHRTLTSTLR,0.5134597105133893
NNATTVAPSVGITRLINSSTAEPVKEEAKTSNPTSSLTSLSVAPTFSPNITLGPTYLTTVNSSDSDNGTTRTASTNSIGITISPNGTWLPDNQFTDARTEPWEGNSSTAATTPETFPPSDETDIGGLNDIFEAQKIQWHEILNVKSIDYKDDDDKASITLAAARLADPEEPKSCDKTHTCPPCPAPELLGGPSVFLFPPKPKDTLMISRTPEVTCVVVDVSHEDPEVKFNWYVDGVEVHNAKTKPREEQYNSTYRVVSVLTVLHQDWLNGKEYKCKVSNKALPAPIEKTISKAKGQPREPQVYTLPPSRDELTKNQVSLTCLVKGFYPSDIAVEWESNGQPENNYKTTPPVLDSDGSFFLYSKLTVDKSRWQQGNVFSCSVMHEALHNHYTQKSLSLSPGK,0.6429969979459959
MPYVEIIEQPKQRGMRFRYKSEGRSAGSIPGERSTDTTKTHPTIKINGYTGPGTVRISLVTKDPPHRPHPHELVGKDCRDGYYEADLCPDRSIHSFQNLGIQCVKKRDLEQAISQRIQTNNNPFHVPIEEQRGDYDLNAVRLCFQVTVRDPAGRPLLLTPVLSHPIFDNRAPNTAELKICRVNRNSGSCLGGDEIFLLCDKVQKEDIEVYFTGPGWEARGSFSQADVHRQVAIVFRTPPYADPSLQAPVRVSMQLRRPSDRELSEPMEFQYLPDTDDRHRIEEKRKRTYETFKSIMKKSPFNGPTEPRPPTRRIAVPTRNSTSVPKPAPQPYTFPASLSTINFDEFSPMLLPSGQISNQALALAPSSAPVLAQTMVPSSAMVPLAQPPAPAPVLTPGPPQSLSAPVPKSTQAGEGTLSEALLHLQFDADEDLGALLGNSTDPGVFTDLASVDNSEFQQLLNQGVSMSHSTAEPMLMEYPEAITRLVTGSQRPPDPAPTPLGTSGLPNGLSGDEDFSSIADMDFSALLSQISS,0.322729640338439
GPLGSMDLFKRKVKEWVYSLSTDDHYAEYNPDETPTFNMGKRLNSNNGQVNPSQMHLNSVDEEMSMGFQNGVPSNEDINIDEFTSTESNDGVSETLLWRHIDFWTSEHNPDLNATLSDPCTQNDITHAEEDLEVSFPNPVKASFKIHDGQEDLESMTGTSGLFYGFQLMTLDQVVAMTQAWRNVAKNLNKRSQQGLSHVTSTGSSSSMERLNGNKFKLPNIPDQKSIPPNAVQPVYAHPAWIPLITDNAGNHIGVDLAPGPNGKYAQIITFGRDFDTKFVIAENWGEFLLSFANDLEAGNWYLVDDNDDYFSGDGELVFRDKKSNGPIQDYFEVLKRRTWIKYQENLRSQ,0.22987894316240937
GSMQYYENREKDYYEVAQGQRNGYGQSQSHNHEGYGQSQSRGGYGQIHNREGYNQNREGYSQSQSRPVYGLSPTLNHRSHGGFLDGLFKGQNGQKGQSGLGTFLGQHKSQEAKKSQGHGKLLGQHDQKKTHETNSGLNGLGMFINNGEKKHRRKSEHKKKNKDGHGSGNESGSSSGSDSD,0.3816367434710069
YYTSHVQEEQTEVEETIEAT,0.3341781478251816
EGDMKIRKTDIPERYQELRAGITDYGNMSSEDQELERNWIAEKISVDKNFDANYDLTEFKEAIGNAIKFITKENLEVPFIYAYRRNYISSREKDGFLLTEDDLWDIVSLDIEFHSLVNKKDYVQRFYAELHIDDPIVTEYFKNQNTASIAELNSLQDIYDYLEFKYANEINEMFINHTGKTGKKHLKNSSYEKFKASPLYQAVSDIGISAEDVGENISSQHQIHPPVDHPSSKPVEVIESILNANSGDLQVFTSNTKLAIDTVQKYYSLELSKNTKIREKVRSDFSKYYLADVVLTAKGKKEIQKGSLYEDIKYAINRTPMHFRRDPDVFLKMVEAESLNLLSVKLHMSSQAQYIEHLFQIALETTNTSDIAIEWNNFRKLAFNQAMDKIFQDISQEVKDNLTKNCQKLVAKTVRHKFMTKLDQAPFIPNVRDPKIPKILSLTCGQGRFGADAIIAVYVNRKGDFIRDYKIVDNPFDKTNPEKFEDTLDNIIQSCQPNAIGINGPNPKTQKFYKRLQEVLHKKQIVDSRGHTIPIIYVEDEVAIRYQNSERAAQEFPNKPPLVKYCIALARYMHSPLLEYANLTSEEVRSLSIHPHQNLLSSEQLSWALETAFVDIVNLVSVEVNKATDNNYYASALKYISGFGKRKAIDFLQSLQRLNEPLLARQQLITHNILHKTIFMNSAGFLYISWNEKRQKYEDLEHDQLDSTRIHPEDYHLATKVAADALEYDPDTIAEKEEQGTMSEFIELLREDPDRRAKLESLNLESYAEELEKNTGLRKLNNLNTIVLELLDGFEELRNDFHPLQGDEIFQSLTGESEKTFFKGSIIPVRVERFWHNDIICTTNSEVECVVNAQRHAGAQLRRPANEIYEIGKTYPAKVIYIDYANITAEVSLLDHDVKQQYVPISYSKDPSIWDLKQELEDAEEERKLMMAEARAKRTHRVINHPYYFPFNGRQAEDYLRSKERGEFVIRQSSRGDDHLVITWKLDKDLFQHIDIQELEKENPLALGKVLIVDNQKYNDLDQIIVEYLQNKVRLLNEMTSSEKFKSGTKKDVVKFIEDYSRVNPNKSVYYFSLNHDNPGWFYLMFKINANSKLYTWNVKLTNTGYFLVNYNYPSVIQLCNGFKTLLKSNSSKNRMNNYR,0.23312582489101702
KAEEAKDEPPSEGEAEEEEK,0.3341781478251816
SNAMTMTLHTKASGMALLHQIQGNELEPLNRPQLKIPLERPLGEVYLDSSKPAVYNYPEGAAYEFNAAAAANAQVYGQTGLPYGPGSEAAAFGSNGLGGFPPLNSVSPSPLMLLHPPPQLDPFLQPHGQQVPYYLENEPSGYTVREAGPPAFYRPNSDNRRQGGRERLASTNDKGSMAMESAKETRY,0.3754736477440827
MGLSFSGTRPCCCRNNVLITDDGEVVSLTAHDFDVVDIESEEEGNFYVPPDMRGVTRAPGRQRLRSSDPPSRHTHRRTPGGACPATQFPPPMSDSEWSHPQFEK,0.33071954663107594
MGIKQYSQEELKEMALVEIAHELFEEHKKPVPFQELLNEIASLLGVKKEELGDRIAQFYTDLNIDGRFLALSDQTWGLRSWYPYDQLDEETQPTVKAKKKKAKKAVEEDLDLDEFEEIDEDDLDLDEVEEELDLEADDFDEEDLDEDDDDLEIEEDIIDEDDEDYDDEEEEIK,0.3881516155118196
AAQKRPSQRSKYLASASTMDHARHGFLPRHRDTGILDSLGRFFGSDRGAPKRGSGKDGHHAARTTHYGSLPQKAQGHRPQDENPVVHFFKNIVTPRTPPPSQGKGRGLSLSRFSWGAEGQKPGFGYGGRASDYKSAHKGLKGHDAQGTLSKIFKLGGRDSRSGSPMARR,0.36964320594738137
AEEEEEKEKEEGEEEEGA,0.32041740333401375
MRSAAVLALLLCAGQVIALPVNSPMNKGDTEVMKCIVEVISDTLSKPSPMPVSKECFETLRGDERILSILRHQNLLKELQDLALQGAKERTHQQKKHSSYEDELSEVLEKPNDQAEPKEVTEEVSSKDAAEKRDDFKEVEKSDEDSDGDRPQASPGLGPGPKVEEDNQAPGEEEEAPSNAHPLASLPSPKYPGPQAKEDSEGPSQGPASREKGLSAEQGRQTEREEEEEKWEEAEAREKAVPEEESPPTAAFKPPPSLGNKETQRAAPGWPEDGAGKMGAEEAKPPEGKGEWAHSRQEEEEMARAPQVLFRGGKSGEPEQEEQLSKEWEDAKRWSKMDQLAKELTAEKRLEGEEEEEEDPDRSMRLSFRARGYGFRGPGLQLRRGWRPNSREDSVEAGLPLQVRGYPEEKKEEEGSANRRPEDQELESLSAIEAELEKVAHQLEELRRG,0.38386662996976617
SEEEEKKEESAGEEQVAKKKD,0.3545665857370602
TKEEEEGGEGEEEDTKES,0.3495462581825604
MADERKDEGKAPHWTSASLTEAAAHPHSPEMKDQGGSGEGLSRSANGFPYREEEEGAFGEHGSQGTYSDTKENGINGELTSADRETAEEVSARIVQVVTAEAVAVLKGEQEKEAQHKDQPAALPLAAEETVNLPPSPPPSPASEQTAALEEATSGESAQAPSAFKQAKDKVTDGITKSPEKRSSLPRPSSILPPRRGVSGDREENSFSLNSSISSARRTTRSEPIRRAGKSGTSTPTTPGSTAITPGTPPSYSSRTPGTPGTPSYPRTPGTPKSGILVPSEKKVAIIRTPPKSPATPKQLRLINQPLPDLKNVKSKIGSTDNIKYQPKGGQVQIVTKKIDLSHVTSKCGSLKNIRHRPGGGRVKIESVKLDFKEKAQAKVGSLDNAHHVPGGGNVKIDSQKLNFREHAKARVDHGAEIITQSPSRSSVASPRRLSNVSSSGSINLLESPQLATLAEDVTAALAKQGL,0.48637037633739527
GSGGIEGRHAGRQKVQEMKEKFSTIIKAEMPTQSSSPDLPASQAPQQLERIVLYLIENLQKSVDSAETVGGQGMESLMDDGYSSPANTLTLEELAPSPTPALALVPPAPSSVKSSISKSVSVVNVTAARKFQQEHQKQRERDREQLKERTNSTQGVIRQLSSCLSEAETASCILSPASSLSASEAPDTPDPHSNTSPPPSLHTRPSVLHRTLTSTLR,0.5134597105133893
EPLEKVASVGNSRPTGQQLESLGLLAPGEQSLPCTERKPAATARLSRRGTSLSPPPESSGSPQQPGLSAPHSRQIPAPQGAVLVQREKDLPNYNWNSFGLRFGKREAAPGNHGRSAGRG,0.4514481933329207
MDKLELVNDGLNIIDFIQKNQKEIQKTYGRSSIQQPSIKDQTKAWEDFLQCTSGESEQVEGGMSKDDGDVERRNLEDLSSTSPTDGTIGKRVSNTRDWAEGSDDIQLDPVVTDVVYHDHGGECTGYGFTSSPERGWSDYTSGANNGNVCLVSDAKMLSYAPEIAVSKEDRETDLVHLENKLSTTGLNPTAVPFTLRNLSDPAKDSPVIAEHYYGLGVKEQNVGPQTSRNVNLDSIKLYTSDDEEADQLEFEDEFAGSSSEVIVGISPEDEEPSSVGGKPNESIGRTIEGQSIRDNLQAKDNKSTDVPGAGPKDSAVKEEPPQKRLPMLAEEFECSGSEDPIIRELLKENSLINCQQGKDAQPPYHWSIERSISPDKTEIVNGAVQTADRQRPGTPMPKSRGIPIKK,0.47007170558754235
MAEEKHHHHLFHHKKEGEDFQPAADGGADVYGYSTETVVTGTGNEGEYERITKEEKHHKHKEHLGEMGAVAAGAFALYEKHEAKKDPEHAHKHKIEEELAAAAAVGAGGFVFHEHHEKKQDHKEAKEASGEKKHHLFG,0.4335644095316026
MNTDQQKVSEIFQSSKEKLQGDAKVVSDAFKKMASQDKDGKTTDADESEKHNYQEQYNKLKGAGHKKE,0.74337050419395
MTPSTPPRSRGTRYLAQPSGNTSSSALMQGQKTPQKPSQNLVPVTPSTTKSFKNAPLLAPPNSNMGMTSPFNGLTSPQRSPFPKSSVKRTLFQFESHDNGTVREEQEPLGRVNRILFPTQQNVDIDAAEEEEEGEVLLPPSRPTSARQLHLSLERDEFDQTHRKKIIKDVPGTPSDKVITFELAKNWNNNSPKNDARSQESEDEEDIIINPVRVGKNPFASDELVTQEIRNERKRAMLRENPDIEDVITYVNKKGEVVEKRRLTDEEKRRFKPKALFQSRDQEH,0.2881196227010871
VIQNEDLGPASPLDSTFYRSLLEDDDMGDLVDAEEYLVPQQGFFCPDPAPGAGGMVHHRHRSSSTRSGGGDLTLGLEPSEEEAPRSPLAPSEGAGSDVFDGDLGMGAAKGLQSLPTHDPSPLQRYSEDPTVPLPSETDGYVAPLTCSPQPEYVNQPDVRPQPPSPREGPLPAARPAGATLERPKTLSPGKNGVVKDVFAFGGAVENPEYLTPQGGAAPQPHPPPAFSPAFDNLYYWDQDPPERGAPPSTFKGTPTAENPEYLGLDVPV,0.45266797063939596
ERQQDRRKPRQNNRRDRNERRDTRSERTEGSDNREENRRNRRQAQQQTAETRESRQQAEVTEKARTADEQQAPRRERSRRRNDDKRQAQQEAKALNVEEQSVQETEQEERVRPVQPRRKQRQLNQKVRYEQSVAEEAVVAPVVEETVAAEPIVQEAPAPRTELVKVPLPVVAQTAPEQQEENNADNRDNGGMPRRSRRSPRHLRVSGQRRRRYRDERYPTQSPMPLTVACASPELASGKVWIRYPIVR,0.5040394253507979
HKQGILGNQPALPAPGAQPPVIPQAQPVRPPNGPLSLPVNRMQVSQGMNSFNPMSLGNVQLPQAPMGPRAASPMNHSVQMNSMGSVPGMAISPSRMPQPPNMMGAHTNNMMAQAPAQSQFLPQNQFPSSSGAMSVGMGQPPAQTGVSQGQVPGAALPNPLNMLGPQASQLPCPPVTQSPLHPTPPPASTAAGMPSLQHTTPPGMTPPQPAAPTQPSTPVSSSGQTPTPTPGSVPSATQTQSTPTVQAAAQAQVTPQPQTPVQPPSVATPQSSQQQPTPVHAQPPGTPLSQAAASIDNRVPTPSSVASAETNSQQPGPDVPVLEMKTETQAEDTEPDPGESKGEPRSEMMEEDLQGASQVKEETDIAEQKSEPMEVDEKKPEVKVEVKEEEESSSNGTASQSTSPSQP,0.6158406371174683
MSTQQQARALMMRHHQFIKNRQQSLLSRAAAEIGVQAEKDFWTTVQGKPQSSFRETYDRSSASLS,0.4075401582282194
RLEQYTSAVVGNKAAKPAKPAASDLPVPAEGVRNIKSMWEKGNVFSSPGGTGTPNKETAGLKVGVSSRINEWLTKTPEGNKSPAPKPSDLRPGDVSGKRNLWEKQSVEKPAASSSKVTATGKKSETNGLRQFEKEP,0.5014077591712508
QHGNVKTSEIVEDKPVEENLIGDRAPELPSEVLRMKYFAMPPMAIEDALEQLQLVDHDFYMFRNKDTDEINVIYIRNHGGYGVIQPHQAS,0.3810810989429153
TETVNIHERVNNAQAPAHQMQSAAAPVGIQGTAPRMAGMDQHEQAIIAHETMTNGSADAHQKMVESHQRMMGSQTVSPTGPSKSLAAMNEHERAAVAHEFMNNGQSGPHQAMAEAHRRMLSAG,0.4836070011715587
FVTLHGAERLEEETNDEDVSDIERRIAMRLAERRQEDSATHGDEGRNNGVDHE,0.29874514708693817
TRLPLPLRDTKLLSPLRDTP PPQSLMVKITLDLLSRIPQP PGKPMGSDKQIKNGECDKAY LDELVELHRRLMTLRERHIL QQIVNLIEETGHFHITNTTF DFDLCSLDKTTVRKLQSYLE TSGTS,0.23726110566111291
GSPEFMAEEKHHHLFHHKEGEDFQPAADGGVDTYGYSTETVVTATGNDGEYERITKEEKHHKHKEHLGEMGAAAAGAFALYEKHEAKKDPEHAHKHKIEEEVAAAAAVGAGGFVFHEHHEKKQDHKEAKEASGEKKHHLFGC,0.4807929099736832
MDYKDDDDKNRALSPMVSEFETIEQENSYNEWLRAKVATSLADPRPAIPHDEVERRMAERFAKMRKERSKQ,0.33716783889473095
HGHVSGFRFDGVYEPGYSLDYYYAKQNGQEVPSVAAWSAENLDNGFVDGTGYQTVDIVCHKKSAPGKKSAKIAAGGTVDFLWTAWPDSHMGPVLTYAAKCDGDCTTADPATLKWVKIQESGYEDGTWAAIALIKNNNTGSATIPADFAPGNYVLRHEIIAMHGAGSENGAQNYPQCVNVEVTGSGTATPEGVLGTELYKSTDPGILFSPYQAKVDYTPPGPALYGKGSSYTPTTPTTPTTPTTPSNGTVPATSAAASAAAEDDYGCSSKKLRRHARDLFHSRH,0.43148208558646833
GPLGSHLVATSESVTEITASSFVVSWVSASDTVSGFRVEYELSEEGDEPQYLDLPSTATSVNIPDLLPGRKYIVNVYQISEDGEQSLILSTSQTT,0.21183215393832633
GAMGTAGNKAALLDQIREGAQLKKVEQNSRPVSCSGRDALLDQIRQGIQLKSVADGQESTPPTPAPT,0.38867178808254027
MVRTKADSVPGTYRKVVAARAPRKVLGSSTSATNSTSVSSRKAENKYAGGNPVCVRPTPKWQKGIGEFFRLSPKDSEKENQIPEEAGSSGLGKAKRKACPLQPDHTNDEKE,0.40715899614409407
CGNLSTCMLGTYTQDFNKFHTFPQTAIGVGAP,0.3759882943625401
FVTLHGAERLEEETNDEDVSDIERRIAMRLAERRQEDSATHGDEGRNNGVDHE,0.37150226777969797
MASTHQSSTEPSSTGKSEETKKDASQGSGQDSKNVTVTKGTGSSATSAAIVKTGGSQGKDSSTTAGSSSTQGQKFSTTPTDPKTFSSDQKEKSKSPAKEVPSGGDSKSQGDTKSQSDAKSSGQSQGQSKDSGKSSSDSSKSHSVIGAVKDVVAGAKDVAGKAVEDAPSIMHTAVDAVKNAATTVKDVASSAASTVAEKVVDAYHSVVGDKTDDKKEGEHSGDKKDDSKAGSGSGQGGDNKKSEGETSGQAESSSGNEGAAPAKGRGRGRPPAAAKGVAKGAAKGAAASKGAKSGAESSKGGEQSSGDIEMADASSKGGSDQRDSAATVGEGGASGSEGGAKKGRGRGAGKKADAGDTSAEPPRRSSRLTSSGTGAGSAPAAAKGGAKRAASSSSTPSNAKKQATGGAGKAAATKATAAKSAASKAPQNGAGAKKKGGKAGGRKRK,0.3927456136568873
MLYIDEFKEAIDKGYILGDTVAIVRKNGKIFDYVLPHEKVRDDEVVTVERVEEVMVELDKLEHHHHHH,0.21128241663645822
AEEIKNVPEQEVPKVATEESSAEVTDRGLFDFLGKKKDETKPEETPIASEFEQKVHISEPEPEVKHESLLEKLHRSDSSSSSSSEEEGSDGEKRKKKKEKKKPTTEVEVKEEEKKGFMEKLKEKLPGHKKPEDGSAVAAAPVVVPPPVEEAHPVEKKGILEKIKEKLPGYHPKTTVEEEKKDKE,0.5007860045348481
SNAMTMTLHTKASGMALLHQIQGNELEPLNRPQLKIPLERPLGEVYLDSSKPAVYNYPEGAAYEFNAAAAANAQVYGQTGLPYGPGSEAAAFGSNGLGGFPPLNSVSPSPLMLLHPPPQLAPFLQPHGQQVPYYLENEPSGYTVREAGPPAFYRPNSDNRRQGGRERLASTNDKGSMAMESAKETRY,0.3432901922231614
MGSVPKPAPQPYTFPASLSTINFDEFSPMLLPSGQISNQALALAPSSAPVLAQTMVPSSAMVPLAQPPAPAPVLTPGPPQSLSAPVPKSTQAGEGTLSEALLHLQFDADEDLGALLGNSTDPGVFTDLASVDNSEFQQLLNQGVSMSHSTAEPMLMEYPEAITRLVTGSQRPPDPAPTPLGTSGLPNGLSGDEDFSSIADMDFSALLSQISSLEHHHHHH,0.27024354178689775
MDLSVENGGLAPGFRFHPTDEELVVYYLKRKIRRKKLRVEAIGETDVYKFDPEELPEKALYKTRDRQWFFFSLRDRKHGSRSSRATERGYWKATGKDRVIHCDSRPVGEKKTLVFHRGRAPNGERTNWVMHEYTLHKEELKRCGGEDVKDAYVLYKIYKKSGSGPKNGEQYGAPFIEEEWAEDDDDDVDEPANQLVVSASVDNSLWGKGLNQSELDDNDIEELMSQVRDQSGPTLQQNGVSGLNSHVDTYNLENLEEDMYLEINDLMEPEPEPT,0.3463337494932146
MGIKQYSQEELKEMALVEIAHELFEEHKKPVPFQELLNEIASLLGVKKEELGDRIAQFYTDLNIDGRFLALSDQTWGLRSWYPYDQLDEETQPTVKAKKKKAKKAVEEDLDLDEFEEIDEDDLDLDEVEEELDLEADDFDEEDLDEDDDDLEIEEDIIDEDDEDYDDEEEEIK,0.3881516155118196
FNRPILFDIVSRGSPDGLEGLLSFLLTHKKRLTDEEFREPSTGKTCLPKALLNLSAGRNDTIPILLDIAEKTGNMREFINSPFRDVYYRGQTALHIAIERRCKHYVELLVEKGADVHAQARGRFFQPKDEGGYFYFGELPLSLAACTNQPHIVHYLTENGHKQADLRRQDSRGNTVLHALVAIADNTRENTKFVTKMYDLLLIKCAKLFPDTNLEALLNNDGLSPLMMAAKTGKIGIFQHIIRREIAD,0.21873409024657264
MKPVSLSYRCPCRFFESHVARANVKHLKILNTPNCALQIVARLKNNNRQVCIDPKLKWIQEYLEKALNKE YLEKALNK,0.232431751957043
GKGDPKKPRG KMSSYAFFVQTCREEHKKKHPDASVNFS EFSKKCSERWKTMSAKEKGKFEDMAKADKARY EREMKT YIPPKGETKKKFKDPNAPKRPPSAFFLFCSEYRP KIKGEH PGLSIGDVAKKLGEMWNNTAADDKQPYEKKAAKLKEKYE KDIAAYRAKGKPDAAKKGVVKAEKSKKKKEEEEDEEDEED EEEEEDEEDEDEEEDDDDD,0.2592314501899684
NAPSTTITTTKQLSRIDSLDNIDHLLDFSSLPPLIDPGFLGQPGPSFSGARQQHDLKPVLHHPTTAPVDNTYLPTQALNFPYHSVHNSGSDFGYGAGSGNNNKGMIKLEHSLVSVSQETGLSSDVNTTATPEISSYPMMMNPAMMDGSKSACDGLDDLIFWEDLYTS,0.39404260794133505
MHHHHHHGKPIPNPLLGLDSTENLYFQGIDPFTGLSSDKIDEMYDIFGDGHDYDWALEIENEELENGNDNNEAEEEEIDEETGAIKSTKKKISLQDIYDLEDLKKNLMTEGDMKIRKTDIPERYQELRAGITDYGNMSSEDQELERNWIAEKISVDKNFDANYDLTEFKEAIGNAIKFITKENLEVPFIYAYRRNYISSREKDGFLLTEDDLWDIVSLDIEFHSLVNKKDYVQRFYAELHIDDPIVTEYFKNQNTASIAELNSLQDIYDYLEFKYANEINEMFINHTGKTGKKHLKNSSYEKFKASPLYQAVSDIGISAEDVGENISSQHQIHPPVDHPSSKPVEVIESILNANSGDLQVFTSNTKLAIDTVQKYYSLELSKNTKIREKVRSDFSKYYLADVVLTAKGKKEIQKGSLYEDIKYAINRTPMHFRRDPDVFLKMVEAESLNLLSVKLHMSSQAQYIEHLFQIALETTNTSDIAIEWNNFRKLAFNQAMDKIFQDISQEVKDNLTKNCQKLVAKTVRHKFMTKLDQAPFIPNVRDPKIPKILSLTCGQGRFGADAIIAVYVNRKGDFIRDYKIVDNPFDKTNPEKFEDTLDNIIQSCQPNAIGINGPNPKTQKFYKRLQEVLHKKQIVDSRGHTIPIIYVEDEVAIRYQNSERAAQEFPNKPPLVKYCIALARYMHSPLLEYANLTSEEVRSLSIHPHQNLLSSEQLSWALETAFVDIVNLVSVEVNKATDNNYYASALKYISGFGKRKAIDFLQSLQRLNEPLLARQQLITHNILHKTIFMNSAGFLYISWNEKRQKYEDLEHDQLDSTRIHPEDYHLATKVAADALEYDPDTIAEKEEQGTMSEFIELLREDPDRRAKLESLNLESYAEELEKNTGLRKLNNLNTIVLELLDGFEELRNDFHPLQGDEIFQSLTGESEKTFFKGSIIPVRVERFWHNDIICTTNSEVECVVNAQRHAGAQLRRPANEIYEIGKTYPAKVIYIDYANITAEVSLLDHDVKQQYVPISYSKDPSIWDLKQELEDAEEERKLMMAEARAKRTHRVINHPYYFPFNGRQAEDYLRSKERGEFVIRQSSRGDDHLVITWKLDKDLFQHIDIQELEKENPLALGKVLIVDNQKYNDLDQIIVEYLQNKVRLLNEMTSSEKFKSGTKKDVVKFIEDYSRVNPNKSVYYFSLNHDNPGWFYLMFKINANSKLYTWNVKLTNTGYFLVNYNYPSVIQLCNGFKTLLKSNSSKNRMNNYR,0.214675020215199
ISPLKPGTVSQQALQNLLRTLRSPSSPLQQQQVLSILHANPQLLAAFIKQRAAKYANSNPQPIPGQPGMPQGQPGLQPPTMPGQQGVHSNPAMQNMNPMQAGVQR,0.40814649079963095
MSSQQNQNRQGEQQEQGYMEAAKEKVVNAWESTKETLSSTAQAAAEKTAEFRDSAGETIRDLTGQAQEKGQEFKERAGEKAEETKQRAGEKMDETKQRAGEMRENAGQKMEEYKQQGKGKAEELRDTAAEKLHQAGEKVKGRD,0.48488857428223603
HHHHHHMSGVRPPIMNGPMHPRPLVALLDGRDTVEMPILKDVATVAFCDAQSTQEIHEKVLNEAVGALMYHTITLTREDLEKFKALRIIVRIGSGFDNIDIKSAGDLGIAVCNVPAASGSSWYSEQASIEMREEAAREIRRAITGRIPDSLKNCVNKDHLTAATHWASMDPAVVHPELNGAAYSRYPPGVVSVAPTGIPAAVEGIVPSAMSLSHGLPPVAHPPHAPSPGQTVKPEADRDHTTDQL,0.5257834476453901
GPLGSMDLFKRKVKEWVYSLSTDDHYAEYNPDETPTFNMGKRLNSNNGQVNPSQMHLNSVDEEMSMGFQNGVPSNEDINIDEFTSTESNDGVSETLLAWRHIDFWTSEHNPDLNATLSDPCTQNDITHAEEDLEVSFPNPVKASFKIHDGQEDLESMTGTSGLFYGFQLMTLDQVVAMTQAWRNVAKNLNKRSQQGLSHVTSTGSSSSMERLNGNKFKLPNIPDQKSIPPNAVQPVYAHPAWIPLITDNAGNHIGVDLAPGPNGKYAQIITFGRDFDTKFVIAENWGEFLLSFANDLEAGNWYLVDDNDDYFSGDGELVFRDKKSNGPIQDYFEVLKRRTWIKYQENLRSQ,0.2295992307368913
MAHHHHHHVDDDDKIMPLSGTPAPNKKRKSSKLIMELTGGGQESSGLNLGKKISVPRDVMLEELSLLTNRGSKMFKLRQMRVEKFIYENHPDVFSDSSMDHFQKFLPTVGGQLGTAGQGFSYSKSNGRGGSQAGGSGSAGQYGSDQQHHLGSGSGAGGTGGPAGQAGRGGAAGTAGVGETGSGDQAGGEAE,0.3720976765320431
MAGLTAAAPRPGVLLLLLSILHPSRPGGVPGAIPGGVPGGVFYPGAGLGALGGGALGPGGKPLKPVPGGLAGAGLGAGLGAFPAVTFPGALVPGGVADAAAAYKAAKAGAGLGGVPGVGGLGVSAGAVVPQPGAGVKPGKVPGVGLPGVYPGGVLPGARFPGVGVLPGVPTGAGVKPKAPGVGGAFAGIPGVGPFGGPQPGVPLGYPIKAPKLPGGYGLPYTTGKLPYGYGPGGVAGAAGKAGYPTGTGVGPQAAAAAAAKAAAKFGAGAAGVLPGVGGAGVPGVPGAIPGIGGIAGVGTPAAAAAAAAAAKAAKYGAAAGLVPGGPGFGPGVVGVPGAGVPGVGVPGAGIPVVPGAGIPGAAVPGVVSPEAAAKAAAKAAKYGARPGVGVGGIPTYGVGAGGFPGFGVGVGGIPGVAGVPGVGGVPGVGGVPGVGISPEAQAAAAAKAAKYGAAGAGVLGGLVPGAPGAVPGVPGTGGVPGVGTPAAAAAKAAAKAAQFGLVPGVGVAPGVGVAPGVGVAPGVGLAPGVGVAPGVGVAPGVGVAPGIGPGGVAAAAKSAAKVAAKAQLRAAAGLGAGIPGLGVGVGVPGLGVGAGVPGLGVGAGVPGFGAGADEGVRRSLSPELREGDPSSSQHLPSTPSSPRVPGALAAAKAAKYGAAVPGVLGGLGALGGVGIPGGVVGAGPAAAAAAAKAAAKAAQFGLVGAAGLGGLGVGGLGVPGVGGLGGIPPAAAAKAAKYGAAGLGGVLGGAGQFPLGGVAARPGFGLSPIFPGGACLGKACGRKRK,0.3604087964326083
DLIDTLGGPEETEEENTTYTGPEVSDPMSSTYIEELGKREVTIPPKYRELLAKKEGITGPPADSSKPIGPDDAIDALSSDFTCGSPTAAGKKTEKEESTEVLKAQSAGTVRSAAPPQEKKRKVEKDTMSDQALEALSASLGTRQAEPELDLR,0.38475845255976104
MAEEYKNTVPEQETPKVATEESSAPEIKERGMFDFLKKKEEVKPQETTTLASEFEHKTQISEPESFVAKHEEEEHKPTLLEQLHQKHEEEEENKPSLLDKLHRSNSSSSSSSDEEGEDGEKKKKEKKKKIVEGDHVKTVEEENQGVMDRIKEKFPLGEKPGGDDVPVVTTMPAPHSVEDHKPEEEEKKGFMDKIKEKLPGHSKKPEDSQVVNTTPLVETATPIADIPEEKKGFMDKIKEKLPGYHAKTTGEEEKKEKVSD,0.5526022464840896
