Sequence,pcaComponent1,pcaComponent2,pcaComponent3,pcaComponent4,pcaComponent5,pcaComponent6,pcaComponent7,pcaComponent8,pcaComponent9,pcaComponent10
MDVFMKGLSKAKEGVVAAAEKTKQGVAEAAGKTKEGVLYVGSKTKEGVVHGVATVAEKTKEQVTNVGGAVVTGVTAVAQKTVEGAGSIAAATGFVKKDQLGKNEEGAPQEGILEDMPVDPDNEAYEMPSEEGYQDYEPEA,21.441403968594646,-2.6319274270885025,5.396810184747259,2.0855441372436876,1.7398210314713212,2.702175393872707,1.4018711319392985,-3.0155707438953585,-0.9232398762463315,-2.0674185981286244
MQTAPVPMPDLKNVKSKIGSTENLKHQPGGGKVQIINKKLDLSNVQSKAGSKDNIKHVPGGGSVQIVYCPVDLSCVTSKAGSLGNIHHKPGGGQVEVKSEKLDFKDRVQSKIGSLDNITHVPGGGNKKIE,13.855374610835662,2.5668058372332525,2.481473291127162,3.803249859946171,3.2033115770907163,5.145603930999298,1.348069186622357,-1.0786478996338227,-0.9907480547787424,-2.9556119574123088
MGHHHHHHMSSILPFTPPVVKRLLGWKKSAGGSGGAGGGEQNGQEEKWCEKAVKSLVKKLKKTGRLDELEKAITTQNCNTKCVTIPSTCSEIWGLSTPNTIDQWDTTGLYSFSEQTRSLDGRLQVSHRKGLPHVIYCRLWRWPDLHSHHELKAIENCEYAFNLKKDEVCVNPYHYQRVETPVLPPVLVPRHTEILTELPPLDDYTHSIPENTNFPAGIEPQSNYIPETPPPGYISEDGETSDQQLNQSMDTGSPAELSPTTLSPVNHSLDLQPVTYSEPAFWCSIAYYELNQRVGETFHASQPSLTVDGFTDPSNSERFCLGLLSNVNRNATVEMTRRHIGRGVRLYYIGGEVFAECLSDSAIFVQSPNCNQRYGWHPATVCKIPPGCNLKIFNNQEFAALLAQSVNQGFEAVYQLTRMCTIRMSFVKGWGAEYRRQTVTSTPCWIELHLNGPLQWLDKVLTQMGSPSVRCEEME,26.756946724757377,2.2487594052794067,0.15208914898469758,2.0813632439089997,1.8001247194602794,8.369823244722177,0.7442413707993922,2.5979269544615105,7.01479100413739,8.278677538663336
GCQTSRGLFGNNNTNNINNSSSGMNNASAGLFGSKPUA,-12.80117574454764,17.297358136815873,17.649251752784682,0.12980164433566324,5.108571598005404,6.7569180010256265,-9.50995351596088,-7.278446228658298,5.408937041500544,0.1937345858795898
DSHAKRHHGYKRKFHEKHHSHRGY,-11.972467413914371,-0.7723089094897195,0.572734886417361,34.58158278878377,-7.481473857612088,-14.34926041167777,-11.811400229758622,9.726907346055205,-1.2822300554955068,9.25341563673725
MQTFSSLLLALGLFSEASAQLAAWPSQSYSPFYQALFGGASTPVLSAPVAKTAPSAIPLAAPALPVPVAAAPFFASPAPVLAAPAPLLAPPAPVFAAPRPVFAAPALAPVAPMAPVLRGPAFAYAPSPVLAPVGVAPVAPAPVFAAPAFAPVAPVLAAPRFVPAYAPFARAAMFIGSNKAKTA,-13.97574841357922,10.04626926758306,18.478817995678273,6.290903513959672,-5.273123518686987,-0.1118666041624616,7.7761751819776395,1.7444136615254675,-12.883303499152552,4.7825039772275915
METSQETSLFLVKILEELDSKQNTVSYQDLCKSLCARFDLSQLAKLRSVLFYTACLDPNFPATLFKDKMKCTVNNQQSKKIMVAADIVTIFNLIQMNGGAAKEKLPTGRQKVRKKEASFESCRSDTEICNAAECEPLNCELSERSFSRGYPIRQSSKCRKMDCKDCPQFVPASEPNFLLGVSKEVKNRAASLDRLQALAPYSVTSPQPCEMQRTYFPMNIENESISDQDSLPINQSIKETFISNEEPFVVQSCVQKRNIFKEDFHNLMAVSPSLVGPISKAENEHREPQSRKEPHKPPFFNHSFEMPYNSQYLNPVYSPVPDKRRAKHESLDDLQASTYFGPTPVMGTQEARRCLGKPNKQTPWPAKSWSLNTEEVPDFERSFFNRNPSEEKLHYPNASSQTPNFPAPERRPTYLVPKDQQPILPIAYAAKQNGLKSKEISSPVDLEKHEPVKKFKDKSINCTSGQLSSDTSSVGTQTEHVLEPKKCRDLCTSGQGKYSDRHTMKHSDDDSEIVSDDISDIFRFLDDMSISGSTGVIQSSCYNSTGSLSQLHKSDCDSSPEHNLTKIANGVPNSKGDKGNRPENTHHSEEELKTSVCKLVLRIGEIERKLESLSGVRDEISQVLGKLNKLDQKMQQPEKVSVQIDLNSLTSEGPSDDSASPRMFHAHSGSHGPKLENNPDWCCSDASGSNSESLRVKALKKSLFTRPSSRSLTEENSATESKIASISNSPRDWRTITYTNRVGLNEEEIKDTGPGDNKDWHRKSKEADRQYDIPPQHRLPKQPKDGFLVEQVFSPHPYPASLKAHMKSNPLYTDMRLTELAEVKRGQPSWTIEEYARNAGDKGKLTALDLQTQESLNPNNLEYWMEDIYTPGYDSLLKRKEAEFRRAKVCKIAALIAAAACTVILVIVVPICTMKS,5.500477037412451,9.431332546517869,0.28636380284000784,-5.95196238412082,1.7598136403006968,-10.496490691003405,2.245594469457607,0.00997195112605174,2.947929199427675,5.375186732086557
MLLILLSVALLALSSAESSSEDVSQEESLFLISGKPEGRRPQGGNQPQRPPPPPGKPQGPPPQGGNQSQGPPPPPGKPEGRPPQGGNQSQGPPPHPGKPERPPPQGGNQSQGPPPHPGKPESRPPQGGHQSQGPPPTPGKPEGPPPQGGNQSQGTPPPPGKPEGRPPQGGNQSQGPPPHPGKPERPPPQGGNQSHRPPPPPGKPERPPPQGGNQSQGPPPHPGKPEGPPPQEGNKSRSARSPPGKPQGPPQQEGNKPQGPPPPGKPQGPPPAGGNPQQPQAPPAGKPQGPPPPPQGGRPPRPAQGQQPPQ,-10.934911184586653,-7.151545383300062,16.940885440921242,12.530459450797071,-22.19425198727441,5.495367595308797,6.846821032685391,2.335150716801792,-1.3922470654901808,0.5366145739143465
MSEPAGDVRQNPCGSKACRRLFGPVDSEQLSRDCDALMAGCIQEARERWNFDFVTETPLEGDFAWERVRGLGLPKLYLPTGPRRGRDELGGGRRPGTSPALLQGTAEEDHVDLSLSCTLVPRSGEQAEGSPGGPGDSQGRKRRQTSMTDFYHSKRRLIFSKRKP,12.4966827747276,4.304173414088705,-8.538421929843558,-5.834056372952365,-9.35466007646615,-10.908396379823628,1.9337392085150442,-6.464723353421718,2.6040228241812473,-0.7568456612169087
IIIFGIFGLTVMLFVFLFSKQQRIKMLILPPVPVPKIKGIDPDLLKEGKLEEVNTILAIHDSYKPEFHSDDSWVEFIELDIDEPDEKTEESDTDRLLSSDHEKSHSNLGVKDGDSGRTSCCEPDILETDFNANDIHEGTSEVAQPQRLKGEADLLCLDQKNQNNSPYHDACPATQQPSVIQAEKNKPQPLPTEGAESTHQAAHIQLSNPSSLSNIDFYAQVSDITPAGSVVLSPGQKNKAGMSQCDMHPEMVSLCQENFLMDNAYFCEADAKKCIPVAPHIKVESHIQPSLNQEDIYITTESLTTAAGRPGTGEHVPGSEMPVPDYTSIHIVQSPQGLILNATALPLPDKE,11.723233505950903,1.321558006568458,-6.716986817163196,-2.8127414646526265,-4.298596696250938,-3.4481373311744483,3.187355955207935,-4.106387252761033,1.3056508177410098,-0.1504625740431877
AAPEGGISDVVEKSIKEAQETCAGDPVSGECVAAWDEVEELSAAASHARDKKKADGSDPLEEYCKDNPETNECRTYDN,10.547450951183919,-1.6916949925257048,-2.860738581509859,1.8311770259934435,7.889101598247159,-4.04975735616845,-1.1656684702679392,-7.406851807821785,-7.521095035340019,-6.101802407374403
SNAMTMTLHTKASGMALLHQIQGNELEPLNRPQLKIPLERPLGEVYLDSSKPAVYNYPEGAAYEFNAAAAANAQVYGQTGLPYGPGSEAAAFGSNGLGGFPPLNSVSPSPLMLLHPPPQLSPFLQPHGQQVPYYLENEPSGYTVREAGPPAFYRPNSDNRRQGGRERLASTNDKGSMAMESAKETRY,-12.83513118077733,8.463924664940588,-1.8518978129941635,1.1789479000735845,-2.179137732940386,5.315117407074473,1.629159834666597,-1.4917156309858162,2.46575882115524,8.862574795398952
GCFNKSFGTPFGGGTGGFGTTSTFGQNTGFGTTSGGAFGTSAFGSSNNTGGLFGNSQTKPGGLFGTSSFSQPATSTSTGFGFGTSTGTANTLFGTASTGTSLFSSQNNAFAQNKPTGFGNFGTSTSSGGLFGTTNTTSNPFGSTSGSLFGPUA,-3.7169520420188675,18.713885877612274,32.14876058532191,-8.951096374860542,4.276064443712247,7.785608320617837,-4.967608541685684,-6.244849994392443,-3.761472257163812,0.7870549942864028
GCPSASPAFGANQTPTFGQSQGASQPNPPGFGSISSSTALFPTGSQPAPPTFGTVSSSSQPPVFGQQPSQSAFGSGTTPNUA,-15.252654102174985,18.28982612889174,25.614947636727578,-9.988702332492556,-1.532740186118114,9.683990194067718,-3.9322771377762895,0.14284275894157317,-3.351930032869272,5.179114499159628
GCGFKGFDTSSSSSNSAASSSFKFGVSSSSSGPSQTLTSTGNFKFGDQGGFKIGVSSDSGSINPMSEGFKFSKPIGDFKFGVSSESKPEEVKKDSKNDNFKFGLSSGLSNPVUA,-13.088832149325906,9.605551317863013,22.93403571606575,-4.9146543066780835,4.7934516233886955,0.21145911242947463,-6.558785663784265,1.8117652055147115,2.8920944591344186,-8.108060620721979
GPPGSMAGGGGSSDGSGRAAGRRASRSSGRARRGRHEPGLGGPAERGAG,-11.358843242618512,-3.8782250780803684,-13.864811524482203,3.5915357301711177,-21.893540226308616,14.032996102916753,-7.188509592296128,-14.185486173890666,-3.2354003444383848,-0.878012253910801
GPMPLPVALQTRLAKRGILKHLEPEPEEEIIAEDYDDDPVDYEATRLEGLPPSWYKVFDPSCGLPYYWNADTDLVSWLSPHDPNSVVTKSAKKLRSSNADAEEKLDRSHDKSDRGHDKSDRSHEKLDRGHDKSDRGHDKSDRDRERGYDKVDRERERDRERDRDRGYDKADREEGKERRHHR REELAPYPKSKSSKPKG,15.72313133355476,-2.667460138926536,3.550646118339028,6.195790636597286,-1.1822620882577222,-2.259383244599563,0.6538097153035949,3.333019189460016,4.508713586534784,0.3341488255996968
GCPSASPAFGANQTPTFGQSQGASQPNPPGFGSISSSTALFPTGSQPAPPTFGTVSSSSQPPVFGQQPSQSAFGSGTTPNUA,-15.252654102174985,18.28982612889174,25.614947636727578,-9.988702332492556,-1.532740186118114,9.683990194067718,-3.9322771377762895,0.1428427589415732,-3.351930032869272,5.179114499159626
GCPSASPAFGANQTPTFGQSQGASQPNPPGFGSISSSTALFPTGSQPAPPTFGTVSSSSQPPVFGQQPSQSAFGSGTTPNUA,-15.252654102174985,18.28982612889174,25.614947636727578,-9.988702332492556,-1.532740186118114,9.683990194067718,-3.9322771377762895,0.1428427589415732,-3.351930032869272,5.179114499159626
MGSNGADNAHNNAFGGGKNPGIGNTSGAGSNGSASSNRGNSNGWSWSNKPHKNDGFHSDGSYHITFHGDNNSKPKPGGNSGNRGNNGDGASSHHHHHH,-13.473958715118618,7.887800295961945,13.373278913446985,15.61544793793045,-4.227948880378486,-1.7912661859495493,-10.124770965331082,-7.760881976230587,10.830915915326996,-9.537142097972135
MSGGSSCSQTPSRAIPATRRVVLGDGVQLPPGDYSTTPGGTLFSTTPGGTRIIYDRKFLMECRNSPVTKTPPRDLPTIPGVTSPSSDEPPMEASQSHLRNSPEDKRAGGEESQFEMDI,12.777366359224683,6.097200359268516,-3.5390431034411733,-3.650012268408381,0.6770270129461995,-6.7008525112321236,0.016685645182240836,-5.646352166110496,0.1503706429615606,1.9337516956137688
MSDASLRSTSTMERLVARGTFPVLVRTSACRSLFGPVDHEELSRELQARLAELNAEDQNRWDYDFQQDMPLRGPGRLQWTEVDSDSVPAFYRETVQVGRCRLLLAPRPVAVAVAVSPPLEPAAESLDGLEEAPEQLPSVPVPAPASTPPPVPVLAPAPAPAPAPVAAPVAAPVAVAVLAPAPAPAPAPAPAPAPVAAPAPAPAPAPAPAPAPAPAPDAAPQESAEQGANQGQRGQEPLADQLHSGISGRPAAGTAAASANGAAIKKLSGPLISDFFAKRKRSAPEKSSGDVPAPCPSPSAAPGVGSVEQTPRKRLR,1.11368630556156,-0.22728529298613812,1.2241960104474583,-6.867497970420432,-10.392938965854913,-5.725898781010582,3.68887181368168,-2.3106582699770923,-3.9814688380940955,2.651180490611841
MSNVRVSNGSPSLERMDARQAEHPKPSACRNLFGPVDHEELTRDLEKHCRDMEEASQRKWNFDFQNHKPLEGKYEWQEVEKGSLPEFYYRPPRPPKGACKVPAQESQDVSGSRPAAPLIGAPANSEDTHLVDPKTDPSDSQTGLAEQCAGIRKRPATDDSSTQNKRANRTEENVSDGSPNAGSVEQTPKKPGLRRRQT,21.745070348756045,2.9727969536691505,-3.3141520761350014,-3.23579836412667,-3.4468553302965126,-5.300145340326515,-2.055177576777774,-2.7228806085353585,1.735318303086514,1.5274562918121892
MSESSSKSSQPLASKQEKDGTEKRGRGRPRKQPPVSPGTALVGSQKEPSEVPTPKRPRGRPKGSKNKGAAKTRKTTTTPGRKPRGRPKKLEKEEEEGISQESSEEEQ,27.51473174501374,-4.174998683723168,0.04658941023641807,-3.913062463494999,-6.96167292259047,1.4960820345926937,-6.713601177277976,4.362657345847458,1.2574816181404647,-3.7010659764300757
MRIAVICFCLLGITCAIPVKQADSGSSEEKQLYNKYPDAVATWLNPDPSQKQNLLAPQNAVSSEETNDFKQETLPSKSNESHDHMDDMDDEDDDDHVDSQDSIDSNDSDDVDDTDDSHQSDESHHSDESDELVTDFPTDLPATEVFTPVVPTVDTYDGRGDSVVYGLRSKSKKFRRPDIQYPDATDEDITSHMESEELNGAYKAIPVAQDLNAPSDWDSRGKDSYETSQLDDQSAETHSHKQSRLYKRKANDESNEHSDVIDSQELSKVSREFHSHEFHSHEDMLVVDPKSKEEDKHLKFRISHELDSASSEVN,-11.940698279953303,-1.7698456255870088,1.648264582844684,11.209626504095183,3.5126151841376614,-7.79478783287585,6.861943776411703,7.745407166532127,9.0948430187265,-6.992252844692184
MAEAGAGLSETVTETTVTVTTEPENRSLTIKLRKRKPEKKVEWTSDTVDNEHMGRRSSKCCCIYEKPRAFGESSTESDEEEEEGCGHTHCVRGHRKGRRRATLGPTPTTPPQPPDPSQPPPGPMQH,17.97071176634294,-0.11444247688387633,-0.8031685266837214,-0.9269144768701394,-0.561192946032647,-2.6430054490098387,-2.3634244558368533,-1.402639031293541,-0.299468095488008,0.12938603491172287
MDLSALRVEEVQNVINAMQKILECPICLELIKEPVSTKCDHIFCKFCMLKLLNQKKGPSQCPLCKNDITKRSLQESTRFSQLVEELLKIICAFQLDTGLEYANSYNFAKKENNSPEHLKDEVSIIQSMGYRNRAKRLLQSEPENPSLQETSLSVQLSNLGTVRTLRTKQRIQPQKTSVYIELGSDSSEDTVNKATYCSVGDQELLQITPQGTRDEISLDSAKKAACEFSETDVTNTEHHQPSNNDLNTTEKRAAERHPEKYQGSSVSNLHVEPCGTNTHASSLQHENSSLLLTKDRMNVEKAEFCNKSKQPGLARSQHNRWAGSKETCNDRRTPSTEKKVDLNADPLCERKEWNKQKLPCSENPRDTEDVPWITLNSSIQKVNEWFSRSDELLGSDDSHDGESESNAKVADVLDVLNEVDEYSGSSEKIDLLASDPHEALICKSERVHSKSVESNIEDKIFGKTYRKKASLPNLSHVTENLIIGAFVTEPQIIQERPLTNKLKRKRRPTSGLHPEDFIKKADLAVQKTPEMINQGTNQTEQNGQVMNITNSGHENKTKGDSIQNEKNPNPIESLEKESAFKTKAEPISSSISNMELELNIHNSKAPKKNRLRRKSSTRHIHALELVVSRNLSPPNCTELQIDSCSSSEEIKKKKYNQMPVRHSRNLQLMEGKEPATGAKKSNKPNEQTSKRHDSDTFPELKLTNAPGSFTKCSNTSELKEFVNPSLPREEKEEKLETVKVSNNAEDPKDLMLSGERVLQTERSVESSSISLVPGTDYGTQESISLLEVSTLGKAKTEPNKCVSQCAAFENPKGLIHGCSKDNRNDTEGFKYPLGHEVNHSRETSIEMEESELDAQYLQNTFKVSKRQSFAPFSNPGNAEEECATFSAHSGSLKKQSPKVTFECEQKEENQGKNESNIKPVQTVNITAGFPVVGQKDKPVDNAKCSIKGGSRFCLSSQFRGNETGLITPNKHGLLQNPYRIPPLFPIKSFVKTKCKKNLLEENFEEHSMSPEREMGNENIPSTVSTISRNNIRENVFKEASSSNINEVGSSTNEVGSSINEIGSSDENIQAELGRNRGPKLNAMLRLGVLQPEVYKQSLPGSNCKHPEIKKQEYEEVVQTVNTDFSPYLISDNLEQPMGSSHASQVCSETPDDLLDDGEIKEDTSFAENDIKESSAVFSKSVQKGELSRSPSPFTHTHLAQGYRRGAKKLESSEENLSSEDEELPCFQHLLFGKVNNIPSQSTRHSTVATECLSKNTEENLLSLKNSLNDCSNQVILAKASQEHHLSEETKCSASLFSSQCSELEDLTANTNTQDPFLIGSSKQMRHQSESQGVGLSDKELVSDDEERGTGLEENNQEEQSMDSNLGEAASGCESETSVSEDCSLSSQSDILTTQQRDTMQHNLIKLQQEMAELEAVLEQHGSQPSNSYPSIISDSSALEDLRNPEQSTSEKAVLTSQKSSEYPISQNPEGLSADKFEVSADSSTSKNKEPGVERSSPSKCPSLDDRWYMHSCSGSLQNRNYPSQEELIKVVDVEEQQLEESGPHDLTETSYLPRQDLEGTPYLESGISLFSDDPESDPSEDRAPESARVGNIPSSTSALKVPQLKVAESAQSPAAAHTTDTAGYNAMEESVSREKPELTASTERVNKRMSMVVSGLTPEEFMLVYKFARKHHITLTNLITEETTHVVMKTDAEFVCERTLKYFLGIAGGKWVVSYFWVTQSIKERKMLNEHDFEVRGDVVNGRNHQGPKRARESQDRKIFRGLEICCYGPFTNMPTDQLEWMVQLCGASVVKELSSFTLGTGVHPIVVVQPDAWTEDNGFHAIGQMCEAPVVTREWVLDSVALYQCQELDTYLIPQIPHSHY,0.4450587113085771,-0.644172036484507,-3.5900469857264823,-1.862771530413056,-3.6083015156840412,-6.4317831060057875,3.943019451375647,-0.0483216120087686,3.378646182046864,-2.413522586987141
MPRRAENWDEAEVGAEEAGVEEYGPEEDGGEESGAEESGPEESGPEELGAEEEMEAGRPRPVLRSVNSREPSQVIFCNRSPRVVLPVWLNFDGEPQPYPTLPPGTGRRIHSYRGHLWLFRDAGTHDGLLVNQTELFVPSLNVDGQPIFANITLPVYTLKERCLQVVRSLVKPENYRRLDIVRSLYEDLEDHPNVQKDLERLTQERIAHQRMGD,10.794415060686244,-2.0002315909340194,-5.6123971699274815,0.15471900068375563,-4.3610148936548985,-3.934009054213158,5.139378759274111,-7.735386577128067,1.9492817296560143,1.02220525305291
MKTALILLSILGMACAFSMKNLHRRVKIEDSEENGVFKYRPRYYLYKHAYFYPHLKRFPVQGSSDSSEENGDDSSEEEEEEEETSNEGENNEESNEDEDSEAENTTLSATTLGYGEDATPGTGYTGLAAIQLPKKAGDITNKATKEKESDEEEEEEEEGNENEESEAEVDENEQGINGTSTNSTEAENGNGSSGGDNGEEGEEESVTGANAEDTTETGRQGKGTSKTTTSPNGGFEPTTPPQVYRTTSPPFGKTTTVEYEGEYEYTGANEYDNGYEIYESENGEPRGDNYRAYEDEYSYFKGQGYDGYDGQNYYHHQ,-12.96912807105868,-7.625933316582766,6.25887279026407,5.985508101491833,3.261048565432384,-1.7318404944987027,5.43701269798001,-3.276076378453264,9.70275972775206,-2.3854732011529114
MSDKPDMAEIEKFDKSKLKKTETQEKNPLPSKETIEQEKQAGES,14.903848044459476,-1.2587005587451718,0.30312539658576304,2.592257958153558,7.437408337153541,-0.3296681130631431,-2.948210294905277,-0.08976951052047186,-7.169501538162278,-3.172771477624746
MKAKRSHQAVIMSTSLRVSPSIHGYHFDTASRKKAVGNIFENTDQESLERLFRNSGDKKAEERAKIIFAIDQDVEEKTRALMALKKRTKDKLFQFLKLRKYSIKVH,-8.574301655594706,0.7735180997744885,-15.42002920341271,3.554628521063363,2.427743967550252,4.273018365469484,-3.978830013654246,-2.3086977092517484,-6.169776413723703,-0.6367823161973223
MATFPPATSAPQQPPGPEDEDSSLDESDLYSLAHSYLGGGGRKGRTKREAAANTNRPSPGGHERKLVTKLQNSERKKRGARR,-13.083149416932123,2.1145082657599747,-7.850729307690812,0.9423878596405945,1.8983085285075487,4.51121460401572,-5.402190953607844,1.2215975773714423,-1.0456855826782303,-0.9862145763108665
MATLIYVDKENGEPGTRVVAKDGLKLGSGPSIKALDGRSQVSTPRFGKTFDAPPALPKATRKALGTVNRATEKSVKTKGPLKQKQPSFSAKKMTEKTVKAKSSVPASDDAYPEIEKFFPFNPLDFESFDLPEEHQIAHLPLSGVPLMILDEERELEKLFQLGPPSPVKMPSPPWESNLLQSPSSILSTLDVELPPVCCDIDI,22.502371118023376,2.2392616278122013,-3.8575533280730014,-2.081544030061279,-0.24768727284626066,-3.287475690847273,-2.496743564487776,-4.320305580024306,2.7001990285435493,-0.732958021790822
MPGLVDSNPAPPESQEKKPLKPCCACPETKKARDACIIEKGEEHCGHLIEAHKECMRALGFKI,9.855884153029988,2.643422076537591,2.715485177243912,0.806920390963545,9.33224187683654,3.9900335924705157,-4.652223718302406,-2.5658378945224007,-6.936745298768473,-2.031543315644179
MATEGDVELELETETSGPERPPEKPRKHDSGAADLERVTDYAEEKEIQSSNLETAMSVIGDRRSREQKAKQEREKELAKVTIKKEDLELIMTEMEISRAAAERSLREHMGNVVEALIALTN,22.32120102498238,0.7159196805581236,-2.4111876900053075,-1.549966603227657,3.3098977143052246,2.523201367648893,-3.3265903208759267,0.007827943775661941,2.7842632001528123,0.04228668108232121
MDVFMKGLSMAKEGVVAAAEKTKQGVTEAAEKTKEGVLYVGSKTREGVVQGVASVAEKTKEQASHLGGAVFSGAGNIAAATGLVKREEFPTDLKPEEVAQEAAEEPLIEPLMEPEGESYEDPPQEEYQEYEPEA,23.69176893590863,-2.4784951862793294,4.258937609205057,0.7487122642152356,1.0098913181345808,2.2654262168792494,-0.4051714919335843,-0.36256368902359953,0.9329991341018653,-1.1737673546865002
MACAAARSPADQDRFICIYPAYLNNKKTIAEGRRIPISKAVENPTATEIQDVCSAVGLNVFLEKNKMYSREWNRDVQYRGRVRVQLKQEDGSLCLVQFPSRKSVMLYAAEMIPKLKTRTQKTGGADQSLQQGEGSKKGKGKKKK,24.280988371691134,2.063455557291113,-2.1285879015927933,0.11249051573953142,0.9729357129360426,6.19855405277524,-7.387493440956809,-2.486145010473371,3.922772654267388,1.208048858200142
MSERQGAGATNGKDKTSGENDGQKKVQEEFDIDMDAPETERAAVAIQSQFRKFQKKKAGSQS,17.164711134690968,-1.2492549059443327,1.410670078821942,-1.7773741336229103,3.489898410697413,-2.272485557044022,-7.197213902229439,-1.41258846111545,-2.173411655933412,-3.5252419597716793
MPLPVALQTRLAKRGILKHLEPEPEEEIIAEDYDDDPVDYEATRLEGLPPSWYKVFDPSCGLPYYWNADTDLVSWLSPHDPNSVVTKSAKKLRSSNADAEEKLDRSHDKSDRGHDKSDRSHEKLDGHDKSDRGHDKSDRDRERGYDKVDRERERDRERDRDRGYDKADREEGKERRHHRREELAPYPKSKKAVSRKDEELDPMDPSSYSDAPRGTWSTGLPKRNEAKTGADTTAAGPLFQQRPYPSPAVLRANAEASRTKQQD,20.430858097666732,-0.9597253463818655,1.789886039535713,4.732216349476334,-0.7858570653855946,-1.7300057610239958,-0.6354039954832926,2.0536509619028824,3.913322688146507,0.9644037871766006
NNATTVAPSVGITRLINSSTAEPVKEEAKTSNPTSSLTSLSVAPTFSPNITLGPTYLTTVNSSDSDNGTTRTASTNSIGITISPNGTWLPDNQFTDARTEPWEGNSSTAATTPETFPPSDETDIGGLNDIFEAQKIQWHEILNVKSIDYKDDDDKASITLAAARLADPEEPKSCDKTHTCPPCPAPELLGGPSVFLFPPKPKDTLMISRTPEVTCVVVDVSHEDPEVKFNWYVDGVEVHNAKTKPREEQYNSTYRVVSVLTVLHQDWLNGKEYKCKVSNKALPAPIEKTISKAKGQPREPQVYTLPPSRDELTKNQVSLTCLVKGFYPSDIAVEWESNGQPENNYKTTPPVLDSDGSFFLYSKLTVDKSRWQQGNVFSCSVMHEALHNHYTQKSLSLSPGK,4.199037884288912,1.158394124508739,-5.533903024455401,-2.824888361301975,-1.4791046118894648,-0.25970138753978655,3.222111035487253,-0.3816570737930145,1.4949731461038327,-4.7903524591155975
PVERILEAELAVEPKTETYVEANMGLNPSSPNDPVTNICQAADKQLFTLVEWAKRIPHFSELPLDDQVILLRAGWNELLIASFSHRSIAVKDGILLATGLHVHRNSAHSAGVGAIFDRVLTELVSKMRDMQMDKTELGCLRAIVLFNPDSKGLSNPAEVEALREKVYASLEAYCKHKYPEQPGRFAKLLLRLPALRSIGLKCLEHLFFFKLIGDTPIDTFLMEMLEAP,17.28559940614343,1.2354611022796518,-2.141026367344841,2.6933046694544833,7.050415129115031,9.262665649454737,5.632657060553425,4.873220413684527,-0.8675874593605887,13.003811476278232
MGLSFSGTRPCCCRNNVLITDDGEVVSLTAHDFDVVDIESEEEGNFYVPPDMRGVTRAPGRQRLRSSDPPSRHTHRRTPGGACPATQFPPPMSDSEWSHPQFEK,-11.625474573380574,3.8239662971007444,-11.706417404979941,1.8142280839702971,-2.85000603014209,6.672631011855525,0.9177457627675694,2.8891934700551123,0.9682312866915045,-1.4914773379490127
AAQKRPSQRSKYLASASTMDHARHGFLPRHRDTGILDSLGRFFGSDRGAPKRGSGKDGHHAARTTHYGSLPQKAQGHRPQDENPVVHFFKNIVTPRTPPPSQGKGRGLSLSRFSWGAEGQKPGFGYGGRASDYKSAHKGLKGHDAQGTLSKIFKLGGRDSRSGSPMARR,18.844325719383267,8.0800985451564,1.7977775418467077,2.3697305260062653,-1.1235095773965058,-8.073795565069375,-4.565912620544983,-4.872102488672168,2.4633562664650244,5.268560890753726
MDVFKKGFSIAKEGVVGAVEKTKQGVTEAAEKTKEGVMYVGAKTKENVVQSVTSVAEKTKEQANAVSEAVVSSVNTVATKTVEEAENIAVTSGVVRKEDLRPSAPQQEGEASKEKEEVAEEAQSGGD,16.208428217296746,-3.60599744214133,4.203097625631932,-0.21414211315591383,-0.8331636283896142,2.928012670689666,-2.221474978933223,-3.4053867483562317,0.2856906471884001,-3.4519640415859842
MTMGDKKSPTRPKRQAKPAADEGFWDCSVCTFRNSAEAFKCSICDVRKGTSTRKPRINSQLVAQQVAQQYATPPPPKKEKKEKVEKQDKEKPEKDKEISPSVTKKNTNKKTKPKSDILKDPPSEANSIQSANATTKTSETNHTSRPRLKNVDRSTAQQLAVTVGNVTVIITDFKEKTRSSSTSSSTVTSSAGSEQQNQSSSGSESTDKGSSRSSTPKGDMSAVNDESF,28.16929920808207,0.2674248423086237,0.756599022815328,0.35772659546775587,-0.22153249842292896,4.381771110662526,-4.179613016622184,3.227094612432753,2.2680302653247764,3.500913947789776
MGGKLSKKKKGYNVNDEKAKEKDKKAEGAATEEEGTPKESEPQAAAEPAEAKEGKEKPDQDAEGKAEEKEGEKDAAAAKEEAPKAEPEKTEGAAEAKAEPPKAPEQEQAAPGPAAGGEAPKAAEAAAAPAESAAPAAGEEPSKEEGEPKKTEAPAAPAAQETKSDGAPASDSKPGSSEAAPSSKETPAATEAPSSTPKAQGPAASAEEPKPVEAPAANSDQTVTVKE,3.978044060082426,-8.439209495947644,13.466903726140519,-18.022991886628375,-5.661084977554347,-12.252243773079165,-8.587496041142012,0.8490539582437079,-16.66234358575198,-5.125194673169808
MLCCMRRTKQVEKNDDDQKIEQDGIKPEDKAHKAATKIQASFRGHITRKKLKGEKKDDVQAAEAEANKKDEAPVADGVEKKGEGTTTAEAAPATGSKPDEPGKAGETPSEEKKGEGDAATEQAAPQAPASSEEKAGSAETESATKASTDNSPSSKAEDAPAKEEPKQADVPAAVTAAAATTPAAEDAAAKATAQPPTETGESSQAEENIEAVDETKPKESARQDEGKEEEPEADQEHA,23.002599584320524,-8.5091456833377,1.9662052215344126,-8.55254275673325,-8.040745293689707,-3.551326588099567,-5.330871684592964,3.2743883158821077,-7.1315839637976985,-5.339044996617383
MMDLELPPPGLPSQQDMDLIDILWRQDIDLGVSREVFDFSQRRKEYELEKQKKLEKERQEQLQKEQEKAFFAQLQLDEETGEFLPIQPAQHIQSETSGSANYSQVAHIPKSDALYFDDCMQLLAQTFPFVDDNEVSSATFQSLVPDIPGHIESPVFIATNQAQSPETSVAQVAPVDLDGMQQDIEQVWEELLSIPELQCLNIENDKLVETTMVPSPEAKLTEVDNYHFYSSIPSMEKEVGNCSPHFLNAFEDSFSSILSTEDPNQLTVNSLNSDATVNTDFGDEFYSAFIAEPSISNSMPSPATLSHSLSELLNGPIDVSDLSLCKAFNQNHPESTAEFNDSDSGISLNTSPSVASPEHSVESSSYGDTLLGLSDSEVEELDSAPGSVKQNGPKTPVHSSGDMVQPLSPSQGQSTHVHDAQCENTPEKELPVSPGHRKTPFTKDKHSSRLEAHLTRDELRAKALHIPFPVEKIINLPVVDFNEMMSKEQFNEAQLALIRDIRRRGKNKVAAQNCRKRKLENIVELEQDLDHLKDEKEKLLKEKGENDKSLHLLKKQLSTLYLEVFSMLRDEDGKPYSPSEYSLQQTRDGNVFLVPKSKKPDVKKN,18.21318524257468,3.638632492599173,-1.8412768913975865,-2.79611760222651,0.0011882486626998627,-6.35166057617037,3.435556200930336,-2.3592716208301034,3.6249696746393982,5.354123477078741
MEAPAERALPRLQALARPPPPISYEEELYDCLDYYYLRDFPACGAGRSKGRTRREQALRTNWPAPGGHERKVAQKLLNGQRKRRQRQLHPKMRTRLT,-10.23595351822704,-0.03713376435975087,-16.274389438586297,-0.2025721187050711,-8.395702040756248,2.5985714621179947,-2.466945659692011,-0.9529763590908055,-3.569059421218648,4.609974074857605
MADAGIRRVVPSDLYPLVLGFLRDNQLSEVANKFAKATGATQQDANASSLLDIYSFWLKSAKVPERKLQANGPVAKKAKKKASSSDSEDSSEEEEEVQGPPAKKAAVPAKRVGLPPGKAAAKASESSSSEESSDDDDEEDQKKQPVQKGVKPQAKAAKAPPKKAKSSDSDSDSSSEDEPPKNQKPKITPVTVKAQTKAPPKPARAAPKIANGKAASSSSSSSSSSSSDDSEEEKAAATPKKTVPKKQVVAKAPVKAATTPTRKSSSSEDSSSDEEEEQKKPMKNKPGPYSSVPPPSAPPPKKSLGTQPPKKAVEKQQPVESSEDSSDESDSSSEEEKKPPTKAVVSKATTKPPPAKKAAESSSDSSDSDSSEDDEAPSKPAGTTKNSSNKPAVTTKSPAVKPAAAPKQPVGGGQKLLTRKADSSSSEEESSSSEEEKTKKMVATTKPKATAKAALSLPAKQAPQGSRDSSSDSDSSSSEEEEEKTSKSAVKKKPQKVAGGAAPSKPASAKKGKAESSNSSSSDDSSEEEEEKLKGKGSPRPQAPKANGTSALTAQNGKAAKNSEEEEEEKKKAAVVVSKSGSLKKRKQNEAAKEAETPQAKKIKLQTPNTFPKRKKGEKRASSPFRRVREEEIEVDSRVADNSFDAKRGAAGDWGERANQVLKFTKGKSFRHEKTKKKRGSYRGGSISVQVNSIKFDSE,14.382074149646966,-2.4723904201875593,4.415742658521924,-6.932180611718919,-6.482966238726879,-9.180981043012768,-3.2280721552956035,3.109432026186945,-6.267428973728462,-3.3454907779831564
MAPGQAPHQATPWRDAHPFFLLSPVMGLLSRAWSRLRGLGPLEPWLVEAVKGAALVEAGLEGEARTPLAIPHTPWGRRPEEEAEDSGGPGEDRETLGLKTSSSLPEAWGLLDDDDGMYGEREATSVPRGQGSQFADGQRAPLSPSLLIRTLQGSDKNPGEEKAEEEGVAEEEGVNKFSYPPSHRECCPAVEEEDDEEAVKKEAHRTSTSALSPGSKPSTWVSCPGEEENQATEDKRTERSKGARKTSVSPRSSGSDPRSWEYRSGEASEEKEEKAHKETGKGEAAPGPQSSAPAQRPQLKSWWCQPSDEEEGEVKALGAAEKDGEAECPPCIPPPSAFLKAWVYWPGEDTEEEEDEEEDEDSDSGSDEEEGEAEASSSTPATGVFLKSWVYQPGEDTEEEEDEDSDTGSAEDEREAETSASTPPASAFLKAWVYRPGEDTEEEEDEDVDSEDKEDDSEAALGEAESDPHPSHPDQRAHFRGWGYRPGKETEEEEAAEDWGEAEPCPFRVAIYVPGEKPPPPWAPPRLPLRLQRRLKRPETPTHDPDPETPLKARKVRFSEKVTVHFLAVWAGPAQAARQGPWEQLARDRSRFARRITQAQEELSPCLTPAARARAWARLRNPPLAPIPALTQTLPSSSVPSSPVQTTPLSQAVATPSRSSAAAAAALDLSGRRG,-10.405188716320435,-7.361523184332399,-1.9215606470052085,-7.679208720400951,-13.959610395751314,-5.592439799106324,3.68174370901117,1.731973592119721,3.343581218643959,-3.6845247552520766
MSSSAGSGHQPSQSRAIPTRTVAISDAAQLPHDYCTTPGGTLFSTTPGGTRIIYDRKFLLDRRNSPMAQTPPCHLPNIPGVTSPGTLIEDSKVEVNNLNNLNNHDRKHAVGDDAQFEMDI,20.549691672064966,5.816058603032133,-3.8020189856284676,0.2905205275149406,1.4275197625709277,-4.097637376580164,-1.5259996235337727,-6.604445855670806,2.6469850339605117,3.0809322059752065
MPLPVALQTRLAKRGILKHLEPEPEEEIIAEDYDDDPVDYEATRLEGLPPSWYKVFDPSCGLPYYWNADTDLVSWLSPHDPNSVVTKSAKKLRSSNADAEEKLDRSHDKSDRGHDKSDRSHEKLDRGHDKSDRGHDKSDRDRERGYDKVDRERERDRERDRDRGYDKADREEGKERRHHRREELAPYPKSKKAVSRKDEELDPMDPSSYSDAPRGTWSTGLPKRNEAKTGADTTAAGPLFQQRPYPSPGAVLRANAEASRTKQQD,22.20878194660904,-1.3615104467741856,2.161002096961543,4.823877340727681,-0.9701676329403532,-0.4208274798356566,-0.7462964926496397,2.3482968905262833,4.626630609511433,1.2818235332963286
MVRTKADSVPGTYRKVVAARAPRKVLGSSTSATNSTSVSSRKAENKYAGGNPVCVRPTPKWQKGIGEFFRLSPKDSEKENQIPEEAGSSGLGKAKRKACPLQPDHTNDEKE,-11.488456857688565,2.0842254744682793,-5.352679826651906,-5.087281004907461,2.7801806315042183,1.0178800364070755,-7.580489150424314,3.3031693237397373,-2.3366218817334135,-6.455109995156058
MSDAAVDTSSEITTKDLKEKKEVVEEAENGRDAPANGNAENEENGEQEADNEVDEEEEEGGEEEEEEEEGDGEEEDGDEDEEAESATGKRAAEDDEDDDVDTKKQKTDEDD,27.787282391194466,-14.657446642880357,1.3443035066332556,-1.4687715677596724,-4.669752048775879,6.454033738766448,-1.8205358508946938,8.538249703627269,6.755890285158709,-7.231967630803086
MSARGEGAGQPSTSAQGQPAAPAPQKRGRGRPRKQQQEPTGEPSPKRPRGRPKGSKNKSPSKAAQKKAEATGEKRPRGRPRKWPQQVVQKKPAQEETEETSSQESAEED,23.53374442004513,-5.697413035207382,-0.12573651091732474,-4.5195091898342445,-8.94899134759144,1.2424230814458477,-5.96136605731044,4.713295508690371,-2.5449796255245554,-3.581810546615196
MESSAKMESGGAGQQPQPQPQQPFLPPAACFFATAAAAAAAAAAAAAQSAQQQQQQQQQQQQAPQLRPAADGQPSGGGHKSAPKQVKRQRSSSPELMRCKRRLNFSGFGYSLPQQQPAAVARRNERERNRVKLVNLGFATLREHVPNGAANKKMSKVETLRSAVEYIRALQQLLDEHDAVSAAFQAGVLSPTISPNYSNDLNSMAGSPVSSYSSDEGSYDPLSPEEQELLDFTNWF,18.455628090011807,4.206780931991094,3.271489857257185,-2.9294279764508833,-0.6847633286872262,2.6020126042020713,-3.6127714134027245,-1.4668066926037344,3.7623914410038837,8.376363120549739
MRLLILTCLVAVALARPKLPLRYPERLQNPSESSEPIPLESREEYMNGMNRQRNILREKQTDEIKDTRNESTQNCVVAEPEKMESSISSSSEEMSLSKCAEQFCRLNEYNQLQLQAAHAQEQIRRMNENSHVQVPFQQLNQLAAYPYAVWYYPQIMQYVPFPPFSDISNPTAHENYEKNNVMLQW,-11.797491328949363,4.28645118176573,0.9379794255459115,4.6632640077883485,6.519286121803735,-2.5982070290708634,3.326395418206265,4.096566904444102,1.582271711863701,6.059058861959951
MQQRGLAIVALAVCAALHASEAILPIASSCCTEVSHHISRRLLERVNMCRIQRADGDCDLAAVILHVKRRRICVSPHNHTVKQWMKVQAAKKNGKGNVCHRKKHHGKRNSNRAHQGKHETYGHKTPY,1.0145311125697694,4.5491209246994195,-6.076979598650406,6.677150501260696,-2.453499802460297,-11.02066029401448,2.3349817375374844,-4.743516621110534,-4.336405106815831,-0.6589264542774331
MAPRGFSCLLLLTSEIDLPVKRRA,-7.403650638083265,1.1348813049949449,-19.77067775012864,0.37001016303021556,-11.697830120945053,11.716857200816783,-3.8577611398250804,-4.895722460710634,-8.91774828931059,1.384917587681377
MLGPHLPPPPLAPSEGRPTPCAFQIPDGSYRCLALEAEESSGEEGLQGEVGPTDLEEDEGVSRSGDDSACRVTQGTPQLPKALGIQPPSCSREEQGASQHDDRASQDWDVVKAGQMMTASPSPGPGPRVAQKPALGRSTSLTEKDLKEAKARSQQIAAQLTTPPSSNSRGVQLFNRRRQRVNEFTLESHGQRGQKPSQESLRVLPSSLPGHAPGLSLSSTSLPEPGPPRHPSPQSPDRGVPGHSMEGYSEEASLLRHLEKVASEEEEVPLVVYLKENAALLTANGLHLSQNREAQQSSPAPPPAEVHSPAADVNQNLASPSATLTTPTSNSSHNPPATDVNQNPPATVVPQSLPLSSIQQNSSEAQLPSNGTGPASKPSTLCADGQPQAPAEEVRCSTLLIDKVSTPATTTSTFSREATLIPSSRPPASDFMSSSLLIDIQPNTLVVSADQEMSGRAAATTPTKVYSEVHFTLAKPPSVVNRTARPFGIQAPGGTSQMERSPMLERRHFGEKAPAPQPPSLPDRSPRPQRHIMSRSPMVERRMMGQRSPASERRPLGNFTAPPTYTETLSTAPLASWVRSPPSYSVLYPSSDPKSSHLKGQAVPASKTGILEESMARRGSRKSMFTFVEKPKVTPNPDLLDLVQTADEKRRQRDQGEVGVEEEPFALGAEASNFQQEPAPRDRASPAAAEEVVPEWASCLKSPRIQAKPKPKPNQNLSEASGKGAELYARRQSRMEKYVIESSSHTPELARCPSPTMSLPSSWKYPTNAPGAFRVASRSPARTPPASLYHGYLPENGVLRPEPTKQPPYQLRPSLFVLSPIKEPAKVSPRAASPAKPSSLDLVPNLPKGALPPSPALPRPSRSSPGLYTSPGQDSLQPTAVSPPYGGDISPVSPSRAWSPRAKQAPRPSFSTRNAGIEAQVWKPSFCFK,-1.367494507447473,7.531872556650998,-0.10190175917565554,-9.91534219874685,-8.085323837892542,-8.851223825584853,3.3723965485166043,3.808787530817853,1.9926978345450337,2.1755718187056066
METVQELIPLAKEMMAQKRKGKMVKLYVLGSVLALFGVVLGLMETVCSPFTAARRLRDQEAAVAELQAALERQALQKQALQEKGKQQDTVLGGRALSNRQHAS,-10.35636054519402,0.7905039670827466,-7.77450627106686,0.5308376231639897,1.4714496764161153,2.233939419991259,-0.33584758357317657,-2.794841454569376,-7.260325787958408,3.1526099951860793
MASNEDFSITQDLEIPADIVELHDINVEPLPMEDIPTESVQYEDVDGNWIYGGHNHPPLMVLQPLFTNTGYGDHDQEMLMLQTQEEVVGYCDSDNQLGNDLEDQLALPDSIEDEHFQMTLASLSASAASTSTSTQSRSKKPSKKPSGKSATSTEANPAGSSSSLGTRKWEQKQMQVKTLEGEFSVTMWSPNDNNDQGAVGEGQAENPPDYSEYLKGKKLPPGGLPGIDLSDPKQLAEFTKVKPKRSKGEPPKTVPCSYSGCEKMFRDYAAMRKHLHIHGPRVHVCAECGKAFLESSKLRRHQLVHTGEKPFQCTFEGCGKRFSLDFNLRTHLRIHTGDKPFVCPFDVCNRKFAQSTNLKTHILTHVKTKNNP,2.658457776294039,4.9158883728199,1.0464901465983918,-2.4302516706862494,5.220083122661167,-1.360268745973404,3.6003152509980603,-2.687401504802151,1.966954456753896,1.0420528813432768
MSAEVPEAASAEEQKEMEDKVTSPEKAEEAKLKARYPHLGQKPGGSDFLRKRLQKGQKYFDSGDYNMAKAKMKNKQLPTAAPDKTEVTGDHIPTPQDLPQRKPSLVASKLAG,25.121279544381853,-0.23911212473471422,-0.33530025585237516,-2.2058659672403786,0.3807235972453024,3.487034487748563,-7.046815452927432,0.42826355635716,2.3190227508737884,-0.15780731661615205
MSSPPEGKLETKAGHPPAVKAGGMRIVQKHPHTGDTKEEKDKDDQEWESPSPPKPTVFISGVIARGDKDFPPAAAQVAHQKPHASMDKHPSPRTQHIQQPRK,-11.3022793632072,0.027816908298799018,-4.365313513395482,1.4838546253963254,-1.5031228196965585,0.5114153852375084,-8.209765165484763,2.97510022771367,-2.583534679571142,-3.87265501057367
MPLSGTPAPNKKRKSSKLIMELTGGGQESSGLNLGKKISVPRDVMLEELSLLTNRGSKMFKLRQMRVEKFIYENHPDVFSDSSMDHFQKFLPTVGGQLGTAGQGFSYSKSNGRGGSQAGGSGSAGQYGSDQQHHLGSGSGAGGTGGPAGQAGRGGAAGTAGVGETGSGDQAGGEGKHITVFKTYISPWERAMGVDPQQKMELGIDLLAYGAKAELPKYKSFNRTAMPYGGYEKASKRMTFQMPKFDLGPLLSEPLVLYNQNLSNRPSFNRTPIPWLSSGEPVDYNVDIGIPLDGETEEL,9.188177459088525,8.555696202201482,4.183601231574261,-1.011005823404483,2.4144074037253,-6.624577713855178,1.1531937566888348,-9.316517263829079,3.4801172941820364,4.6085810990068605
MEPPEGAGTGEIVKEAEVPQAALGVPAQGTGDNGHTPVEEEVGGIPVPAPGLLQVTERRQPLSSVSSLEVHFDLLDLTELTDMSDQELAEVFADSDDENLNTESPAGLHPLPRAGYLRSPSWTRTRAEQSHEKQPLGDPERQATVLDTFLTVERPQED,19.549470629623077,2.052790751220586,-3.5826727854727736,-8.311303398063773,-8.655885963240534,-6.606999279381133,3.482700004909047,-1.9057278031095504,3.9611170109496263,2.8464864229452895
MAKVTSEPQKPNEDVDEQTPSTSSTKGRKKGKTPRQRRSRSGVKGLKTTRKAKRPLRGSSSQKAGETNTPAGKPKKARGPILRGRYHRLKEKMKKEEADKEQSETSVL,-13.619270722864712,-2.8269435655747124,-7.2704699899554095,-3.646006466803572,0.5137848068339717,2.0098153877359732,-10.467660222226211,4.150118263939199,-4.329296731989095,-5.4017280300139765
MSAALLRRGLELLAASEAPRDPPGQAKPRGAPVKRPRKTKAIQAQKLRNSAKGKVPKSALDEYRKRECRDHLRVNLKFLTRTRSTVAESVSQQILRQNRGRKACDRPVAKTKKKKAEGTVFTEEDFQKFQQEYFGS,-2.8310362609642348,3.7647566750520602,-7.24403633571656,-4.824148995286302,-2.324753607494106,-5.9845443654292465,-2.7883725441205014,-1.039529366912741,-5.736005897607603,-2.2966803971181027
GSMTDETAHPTQSASKQESAALKQTGDDQQESQQQRGYTNYNNGSNYTQKKPYNSNRPHQQRGGKFGPNRYNNRGNYNGGGSFRGGHMGANSSNVPWTGYYNNYPVYYQPQQMAAAGSAPANPIPVEEKSPVPTKIEITTKSGEHLDLKEQHKAKLQSQERSTVSPQPESKLKETSDSTSTSTPTPTPSTNDSKASSEENISEAEKTRRNFIEQVKLRKAALEKKRKEQLEGSSGNNNIPMKTTPENVEEK,-13.566548143726509,4.28605155713309,8.363179881755887,0.13461289204082172,6.077078058665768,0.5916241513095684,-4.311360098942662,3.370059362924257,0.5185432300712784,1.7558087579539388
ADPEDPRDAGDVLGDDSFPLSSLANLFEVEDTPSPAEPSRGPPGAVDGKQNLRMKFHGAFRKGPPKPMELLESTIYESSVVPAPKKAPMDSLFDYGTYRQHPSENKRWRRRVVEKPVAGTKGPAPNPPPILKV,-10.970018386175507,3.6657248986536826,-9.673290152379705,-6.518051226308847,-3.7898653313012742,-0.12328810716083344,-1.3953889969347077,3.862089391893037,0.017007591563176064,-2.8956039360005166
ERQQDRRKPRQNNRRDRNERRDTRSERTEGSDNREENRRNRRQAQQQTAETRESRQQAEVTEKARTADEQQAPRRERSRRRNDDKRQAQQEAKALNVEEQSVQETEQEERVRPVQPRRKQRQLNQKVRYEQSVAEEAVVAPVVEETVAAEPIVQEAPAPRTELVKVPLPVVAQTAPEQQEENNADNRDNGGMPRRSRRSPRHLRVSGQRRRRYRDERYPTQSPMPLTVACASPELASGKVWIRYPIVRHHHHHH,5.0566906869961175,-3.3386966145093684,1.9625285235412215,1.733312148328221,-1.7782359614349408,-0.6821535480051784,9.889438993134828,17.482748201169624,-18.32064995613191,8.075773878185904
GSMSHFEPPTLHELYDLDVTAPEDPNEEAVSQIFPDSVMLAVQEGIDLLTFPPAPGSPEPPHLSRQPEQPEQRALGPVSMPNLVPEVIDLYCYEQLNPPSDDEDEEGEEFVLDY,-9.975172721254355,2.9807547497278524,-7.004731827595253,-8.056190249467612,-1.0576266919071389,-2.1074822838802367,9.543627975832464,5.619528169344725,5.575034158445346,3.0601302988616985
MSYYHHHHHHLESTSLYKKAGSTPTEEPPVIPEYYYGSGRRGDLSKSPPRGNVNLDSIKIYTSDDEDENQLEYEDEFAKSSSEVVIDTTPEDNDSINQEEVVGDPSDQGLEHPFPLGKFPEKEETPDVRRKDS,-12.387924463972334,-1.6358763958451963,-7.719515399597117,2.082482224332957,3.8378091378227994,0.9117637353360337,1.3719428130311404,6.715554439541739,7.955622075399432,-2.64585657265034
SASSSPSPSTPTKSGKMRSRSSSPVRPKAYTPSPRSPNYHRFALDSPPQSPRRSSNSSITKKGSRRSSGSSPTRHTTRVCV,-13.093357111088746,11.234562136087566,-2.4515641673266804,3.0423944402520577,-2.194397949543446,-1.3538111779353181,-6.173157428899226,10.004356401079175,-0.953922135350683,-3.1300020123475574
DSHAKRHHGYKRKFHEKHHSHRGY,-11.972467413914371,-0.7723089094897195,0.5727348864173609,34.58158278878377,-7.481473857612102,-14.349260411677777,-11.811400229758627,9.726907346055206,-1.2822300554954957,9.253415636737246
GCTNENANTPAARLHRFKNKGKDSTEMRRRRIEVNVELRKAKKDDQMLKRRNVSSFPDDATSPLQENRNNQGTVNWSVDDIVKGINSSNVENQLQATUA,-11.962192404278122,2.269472404078979,-8.102561120780603,1.0492622946011445,5.063758561222786,3.179718707680716,-4.819038760791048,0.9987580250486642,-0.09424336912948085,-0.9646820024278536
GSSHHHHHHSSGLVPRGSHMQIVATNLPPEDQDGSGDDSDNFSGSGAGALQDITLSQQTPSTWKDTQLLTAIPTSPEPTGLEATAASTSTLPAGEGPKEGEAVVLPEVEPGLTAREQEATPRPRETTQLPTTHLASTTTATTAQEPATSHPHRDMQPGHHETSTPAGPSQADLHTPHTEDGGPSATERAAEDGASSQLPAAEGSGEQDFTFETSGENTAVVAVEPDRRNQSPVDQGATGASQGLLDRKEVLGDYKDDDDK,-3.260046161809762,2.544739229756373,-2.852021398264062,-9.158080329525578,-11.730588686170261,-13.637700285248547,8.565691884029915,2.979589804771915,3.120970407892541,-7.904273391378872
GSSHHHHHHSSGLVPRGSHMESRAELTSDKDMYLDNSSIEEASGVYPIDDDDYASASGSGADEDVESPELTTSRPLPKILLTSAAPKVETTTLNIQNKIPAQTKSPEETDKEKVHLSDSERKMDPAEEDTNVYTEKHSDSLFKRTEDYKDDDDK,-10.074811817885205,0.3884547300540764,-3.0323653033271296,0.70954861053495,3.2673757407801043,-7.588791757684286,3.7049064569221186,8.070022700656102,7.641291068087691,-6.70242551227683
MGSSHHHHHHSSGLVPRGSMAQRWRSENFERPVDLEGSGDDDSFPDDELDDLYSGSGSGYFEQESGIETAMETRFSPDVALAVSTTPAVLPTTNIQPVGTPFEELPSERPTLEPATSPLVVTEVPEEPSQRATTVSTTMETATTAATSTGDPTVATVPATVATATPSTPAAPPFTATTAVIRTTGVRRLLPLPLTTVATARATTPEAPSPPTTAAVLDTEAPTPRLVSTATSRPRALPRPATTQEPDIPERSTLPLGTTAPGPTEVAQTPTPETFLTTIRDEPEVPVSGGPSGDFELPEEETTQPDTANEVVAVGGAAAKASSPPGTLPKGARPGPGLLDNAIDSGSSAAQLPQKSILERKEVLVDYKDDDDK,5.377580930178873,2.1358956012308044,-2.3771643134015323,-7.568308044508854,-9.880870110354051,-9.377815203420859,11.315654074673276,2.9895300140858856,-0.9064120145561287,-5.6108010919252385
GSSHHHHHHSSGLVPRGSHMESIRETEVIDPQDLLEGRYFSGALPDDEDVVGPGQESDDFELSGSGDLDDLEDSMIGPEVVHPLVPLDNHIPERAGSGSQVPTEPKKLEENEVIPKRISPVEESEDVSNKVSMSSTVQGSNIFERTEVLAGCPEHDYKDDDDK,-12.880922069090015,-0.04902705186512698,-4.923615530390211,-0.7641165784437094,1.89277944831867,-1.220628628632447,4.830686987685153,7.3223622437092954,11.593440313722251,-4.684950771457395
GKGDPKKPRG KMSSYAFFVQTCREEHKKKHPDASVNFSEFSKKCSERWKTMSAKEKGKFEDMAKADKARY EREMKTYIPPKGETKKKFKDPNAPKRPPSAFFLFCSEYRP KIKGEHPGLSIGDVAKKLGEMWNNTAADDKQPYEKKAAKLKEKYEKDIAAYRAKGKPDAAKKGVVKAEKSKKKKEEEEDEEDEEDEEEEEDEEDEDEEEDDDDD,31.00788106866258,-9.721483008319115,3.339303430264664,3.5349153133671964,0.45190095321972107,16.577405904355018,-5.843764126307753,12.842120333302327,8.580339977930926,-2.766432601585245
GAMSNAPSSMMVKDEYVHDFEGQPSLSTEGHSIQTIQHPPSNRASTETYSTPALLAPSESNATSTANFPNIPVASTSQPASILGGSHSEGLLQIASGPQPGQQQNGFTGQPATYHHNSTTTWTGSRTAPYTPNLPHHQNGHLQHHPPMPPHPGHYWPVHNELAFQPPISNHPAPEYWCSIAYFEMDVQVGETFKVPSSCPIVTVDGYVDPSGGDRFCLGQLSNVHRTEAIERARLHIGKGVQLECKGEGDVWVRCLSDHAVFVQSYYLDREAGRAPGDAVHKIYPSAYIKVFDLRQCHRQMQQQAATAQAAAAAQAAAVAGNIPGPGSVGGIAPAISLSAAAGIGVDDLRRLCILRMSFVKGWGPDYPRQSIKETPCWIEIHLHRALQLLDEVLHTMPIADPQPLD,24.803152948683156,4.906389653225209,0.7519304268531151,0.7884169226232122,0.27081227983244016,5.833540642939129,-1.2218360824805925,-0.29401167594888183,5.233674133425506,7.764671743602027
SAYSGLQSSSYLMSARSFPA,-12.472401597431057,13.133341007965837,-8.279843485908938,1.8835118810148828,-10.015659215034812,3.2104657458667307,-5.220668460983467,5.094122993585434,-6.367263240587689,5.492976026937707
ATKAEEAKDEPPSEGEA,-13.302891010579431,-19.349422808472465,-2.2849885209415657,-14.394378279444307,2.9830203390873486,-0.641327543248801,-10.45715065822731,5.44275801622157,-12.669615228618698,1.7482505641689978
SEEEEKKEESAGEEQV,-13.604251400897729,-31.855154871727866,4.207237857385539,-8.270393026090039,8.047703964280487,-2.762799376866086,-7.050208470116027,-3.7232419130636485,2.856132691921122,5.3346341188912
MLEHVQHIIGGAGNDSITGNAHDNFLAGGSGDDRLDGGAGNDTLVGGEGQNTVIGGAGDDVFLQDLGVWSNQLDGGAGVDTVKYNVHQPSEERLERMGDTGIHADLQKGTVEKWPALNLFSVDHVKNIENLHGSRLNDRIAGDDQDNELWGHDGNDTIRGRGGDDILRGGLGLDTLYGEDGNDIFLQDDETVSDDIDGGAGLDTVDYSAMIHPGRIVAPHEYGFGIEADLSREWVRKASALGVDYYDNVRNVENVIGTSMKDVLIGDAQANTLMGQGGDDTVRGGDGDDLLFGGDGNDMLYGDAGNDTLYGGLGDDTLEGGAGNDWFGQTQAREHDVLRGGDGVDTVDYSQTGAHAGIAAGRIGLGILADLGAGRVDKLGEAGSSAYDTVSGIENVVGTELADRITGDAQANVLRGAGGADVLAGGEGDDVLLGGDGDDQLSGDAGRDRLYGEAGDDWFFQDAANAGNLLDGGDGRDTVDFSGPGRGLDAGAKGVFLSLGKGFASLMDEPETSNVLRNIENAVGSARDDVLIGDAGANVLNGLAGNDVLSGGAGDDVLLGDEGSDLLSGDAGNDDLFGGQGDDTYLFGVGYGHDTIYESGGGHDTIRINAGADQLWFARQGNDLEIRILGTDDALTVHDWYRDADHRVEIIHAANQAVDQAGIEKLVEAMAQYPDPGAAAAAPPAARVPDTLMQSLAVNWR,-9.67145678930124,3.5959546896378827,2.610495526453358,9.195346188803253,1.311955360667147,4.5020053047963815,11.28357929837414,-4.108570891202324,-0.86191828146111,-8.440251142375688
MLEHVQHIIGGAGNDSITGNAHDNFLAGGSGDDRLDGGAGNDTLVGGEGQ NTVIGGAGDDVFLQDLGVWSNQLDGGAGVDTVKYNVHQPSEERLERMGDT GIHADLQKGTVEKWPALNLFSVDHVKNIENLHGSRLNDRIAGDDQDNELW GHDGNDTIRGRGGDDILRGGLGLDTLYGEDGNDIFLQDDETVSDDIDGGA GLDTVDYSAMIHPGRIVAPHEYGFGIEADLSREWVRKASALGVDYYDNVR NVENVIGTSMKDVLIGDAQANTLMGQGGDDTVRGGDGDDLLFGGDGNDML YGDAGNDTLYGGLGDDTLEGGAGNDWFGQTQAREHDVLRGGDGVDTVDYS QTGAHAGIAAGRIGLGILADLGAGRVDKLGEAGSSAYDTVSGIENVVGTE LADRITGDAQANVLRGAGGADVLAGGEGDDVLLGGDGDDQLSGDAGRDRL YGEAGDDWFFQDAANAGNLLDGGDGRDTVDFSGPGRGLDAGAKGVFLSLG KGFASLMDEPETSNVLRNIENAVGSARDDVLIGDAGANVLNGLAGNDVLS GGAGDDVLLGDEGSDLLSGDAGNDDLFGGQGDDTYLFGVGYGHDTIYESG GGHDTIRINAGADQLWFARQGNDLEIRILGTDDALTVHDWYRDADHRVEI IHAANQAVDQAGIEKLVEAMAQYPDPGAAAAAPPAARVPDTLMQSLAVNWR,-9.67145678930124,3.5959546896378827,2.610495526453358,9.195346188803253,1.311955360667147,4.5020053047963815,11.28357929837414,-4.108570891202324,-0.86191828146111,-8.440251142375688
MPKRKVSSAEGAAKEEPKRRSARLSAKPPAKVEAKPKKAAAKDKSSDKKVQTKGKRGAKGKQAEVANQETKEDLPAENGETKTEESPASDEAGEKEAKSD,29.13169694652347,-9.575324830457937,3.5274194412225266,-2.7375796701268067,-4.331611967901087,6.806660799994976,-7.807911272032776,9.864208978387207,-3.361580480664526,-5.659650995054709
MQHPPCEPGNCLSLKEKKITEGSGGVCWGGETDASNPAPALTACCAAEREANVEQGLAGRLLLCNYERRVVRRCKIAGRGRAPLGTRPLDVSSFKLKEEGRPPCLKINK,-9.863793848392094,-5.807503464832706,-17.63116554416275,-2.997694780355286,-11.425929557498533,9.870629436021627,-6.7116177465427835,-9.651349506698564,-4.781745305802319,0.9900527153827426
MEPGTGGSRKRLGPRAGFRFWPPFFPRRSQAGSSKFPTPLGPENSGNPTLLSSAQPETRVSYWTKLLSQLLAPLPGLLQKVLIWSQLFGGMFPTRWLDFAGVYSALRALKGREKPAAPTAQKSLSSLQLDSSDPSVTSPLDWLEEGIHWQYSPPDLKLELKAKGSALDPAAQAFLLEQQLWGVELLPSSLQSRLYSNRELGSSPSGPLNIQRIDNFSVVSYLLNPSYLDCFPRLEVSYQNSDGNSEVVGFQTLTPESSCLREDHCHPQPLSAELIPASWQGCPPLSTEGLPEIHHLRMKRLEFLQQASKGQDLPTPDQDNGYHSLEEEHSLLRMDPKHCRDNPTQFVPAAGDIPGNTQESTEEKIELLTTEVPLALEEESPSEGCPSSEIPMEKEPGEGRISVVDYSYLEGDLPISARPACSNKLIDYILGGASSDLETSSDPEGEDWDEEAEDDGFDSDSSLSDSDLEQDPEGLHLWNSFCSVDPYNPQNFTATIQTAARIVPEEPSDSEKDLSGKSDLENSSQSGSLPETPEHSSGEEDDWESSADEAESLKLWNSFCNSDDPYNPLNFKAPFQTSGENEKGCRDSKTPSESIVAISECHTLLSCKVQLLGSQESECPDSVQRDVLSGGRHTHVKRKKVTFLEEVTEYYISGDEDRKGPWEEFARDGCRFQKRIQETEDAIGYCLTFEHRERMFNRLQGTCFKGLNVLKQC,-6.8184750005562025,3.5785905878522106,-7.950176942475728,-9.948069244487243,-6.227855622236183,-9.01259828835371,4.45847505529579,4.960420202290391,5.615320592605978,-2.3829934309619327
MEPYTDSNVPEGDSVPEAHWTKLQHSLDTALRRARSAPTAPIAARVTGQTRNITVDPRLFKKRRLHSPRVLFSTQPPPTSSDTLDLDFQAHGTIPFNRTHRSKRSSTHPVFHMGEFSVCDSVSVWVGDKTTATDIKGKEVTVLAEVNINNSVFRQYFFET KCRASNPVESGCRGIDSKHWNSYCTTTHTFVKALTTDEKQAAWRFIRIDTACVCVLSRKATR,9.428145908993617,4.467379693562071,-6.205586106913855,1.4891560921623448,1.7621314162689001,-4.530008730094311,3.08497143561351,-5.467815982741603,-1.0629133280468135,-0.6732193142124762
GEFNTIQQLMMILNSASDQPSENLISYFNNCTVNPKESILKRVKDIGYIFKEKFAKAVGQGCVEIGSQRYKLGVRLYYRVMESMLKSEEERLSIQNFSKLLNDNIFHMSLLACALEVVMATYSRSTSQNLDSGTDLSFPW ILNVLNLKAFDFYKVIESFIKAEGNLTREMIKHLERCEHRIMESLAWLSDSPLFDLIKQSKLVPRGSKSTSLSLFYKKVYRLAYLRLNTLCERLLSEHPELEHIIWTLFQHTLQNEYELMRDRHLDQIMMCSMYGICKVK NIDLKFKIIVTAYKDLPHAVQETFKRVLIKEEEYDSIIVFYNSVFMQRLKTNILQYASTRPPTLSPIPHIPR,8.808297042583575,4.650834851429257,-8.699734671652058,-0.6346210614995419,3.1768031826703083,-1.5986937195450583,0.8897648683130783,-5.408996796226615,0.6216930615702952,1.0847518205997215
MADERKDEGKAPHWTSASLTEAAAHPHSPEMKDQGGSGEGLSRSANGFPYREEEEGAFGEHGSQGTYSDTKENGINGELTSADRETAEEVSARIVQVVTAEAVAVLKGEQEKEAQHKDQPAALPLAAEETVNLPPSPPPSPASEQTAALEEATSGESAQAPSAFKQAKDKVTDGITKSPEKRSSLPRPSSILPPRRGVSGDREENSFSLNSSISSARRTTRSEPIRRAGKSGTSTPTTPGSTAITPGTPPSYSSRTPGTPGTPSYPRTPGTPKSGILVPSEKKVAIIRTPPKSPATPKQLRLINQPLPDLKNVKSKIGSTDNIKYQPKGGQVQIVTKKIDLSHVTSKCGSLKNIRHRPGGGRVKIESVKLDFKEKAQAKVGSLDNAHHVPGGGNVKIDSQKLNFREHAKARVDHGAEIITQSPSRSSVASPRRLSNVSSSGSINLLESPQLATLAEDVTAALAKQGL,18.753077977907754,3.1425704630760443,1.3545124200911636,-0.527664016637356,0.2628030579784028,-3.62358524362244,4.390546156296193,1.6405696530456506,-2.294642542471296,7.348200398676227
HGHVNYFNDGAEKFEGYDVTKLPYQNPAPDVYGWANGATDNGFVAPSAYTGADIICHRDSKNAALTAKVAAGDKLQIFWDTWPESHKGPVIDYLASCGDDCSTVDKTSLEFFKIQEAGLTSGSWASDELIAKNFSWEVTIPTSLKPGKYVWRHEIIALHSAGQEDGAQNYPQCLNIEVTGSGSELPAGTKGTSLYTPTDAGILVSIYNNLDSYEIPGPKLPAAFGGSGSGSGSSAAPAPTSTAAPVASAPAVTSAPAAATTTAAAEAAVTSAPASAQQPAPTGGATAPTCEEKRRRRLARRMARQHARDVVRRV,-5.126701191605002,3.705785329393193,4.368940648077596,1.6756653199607043,7.281690522020108,3.521505717346663,2.089644050664641,-2.0643924273005654,-9.787955423201531,-4.53313774832351
EKEEGEEEEGAEEEEAAKDE,-12.833080665420473,-45.90976542914775,4.414559299670014,-2.219769976296845,5.952587382514106,-0.23208403446795128,0.420967802129578,-7.317468883498311,-2.8197730010513267,10.040118377302823
SEDTKEEEEGGEGEEEDTKE,-9.182785596505214,-46.889999299297735,8.090969277613212,-1.349674804241541,-3.0830269362260467,3.6316141279322047,2.531029095498303,-5.675461840949695,11.112800017798996,0.9916963080312462
MAHHHHHHVDDDDKIMPLSGTPAPNKKRKSSKLIMELTGGGQESSGLNLGKKISVPRDVMLEELSLLTNRGSKMFKLRQMRVEKFIYENHPDVFSDSSMDHFQKFLPTVGGQLGTAGQGFSYSKSNGRGGSQAGGSGSAGQYGSDQQHHLGSGSGAGGTGGPAGQAGRGGAAGTAGVGETGSGDQAGGEAE,-0.7944640885506327,7.7974520791107365,4.243723756725141,-0.2517723984891245,-2.0088079401618733,-6.522399785087051,0.3347448774073101,-8.142053299834812,5.860004058689337,2.724166454786289
ERADGQSRLHDSKGQTKLLQLLTTKSDQMEPSPLASSLSDTNKDSTGSLPGSGSTHGTSLKEKHKILHRLLQDSSSPVDLAKLTAEATGKDLSQESSSTAPGSEVTIKQEPVSPKKKENALLRYLLDKDDTKDIGLPEITPKLERLDSKT,20.94313113353616,2.3779142868459755,0.036331971687222096,-1.8836400621204576,0.015267110098229193,1.0305054697462477,-3.2946680802828126,1.2586650417702756,4.069191358898979,2.4874909749984164
MSARVRSRSRGRGDGQEAPDVVAFVAPGESQQEEPPTDNQDIEPGQEREGTPPIEERKVEGDCQEMDLEKTRSERGDGSDVKEKTPPNPKHAKTKEAGDGQP,-12.066145870920439,-9.361321686156895,-5.337479327105422,-6.2781638080263,-1.5190244080336488,1.0411430138732367,-4.782793387204849,2.473725891438512,2.4670998790012515,-4.23270239422678
GSMTPSTPPRSRGTRYLAQPSGNTSSSALMQGQKTPQKPSQNLVPVTPSTTKSFKNAPLLAPPNSNMGMTPFNGLTPQRPFPKSSVKRT,-12.925202737267227,14.507301029364868,1.8900906669435473,-5.421547470394171,-0.1316435112294269,4.36509797569544,-7.272181020390979,4.727522865603855,-0.8410374038942855,-1.139057596912301
GAQTRSLNMLGRKTCLGRRVVQPGMFADYPPTKKARVLLRRMSNYHHHHHH,-10.435131678695095,6.04304378422667,-12.085576100473592,7.93024758256154,-6.29504305509552,5.065732511255259,-5.439634918972122,-3.0053991679546566,-2.7363880777989724,1.7522747272244217
GAQTRNIHLLGRKTCLGRRVVQPGMFEDHPPTKKARVSMRRMSNYHHHHHH,-10.152638931320158,5.1527829906307545,-10.04751932481648,7.680279479132398,-4.277644458354407,2.653548611607308,-5.082574903330836,-0.36446686184845134,-0.8079209554827869,0.6784180886108148
MSEYIRVTEDENDEPIEIPSEDDGTVLLSTVTAQFPGACGLRYRNPVSQCMRGVRLVEGILHAPDAGWGNLVYVVNYPKDNKRKMDETDASSAVKVKRAVQKTSDLIVLGLPWKTTEQDLKEYFSTFGEVLMVQVKKDLKTGHSKGFGFVRFTEYETQVKVMSQRHMIDGRWCDCKLPNSKQSQDEPLRSRKVFVGRCTEDMTEDELREFFSQYGDVMDVFIPKPFRAFAFVTFADDQIAQSLCGEDLIIKGISVHISNAEPKHNSNRQLERSGRFGGNPGGFGNQGGFGNSRGGGAGLGNNQGSNMGGGMNFGAFSINPAMMAAAQAALQSSWGMMGMLASQQNQSGPSGNNQNQGNMQREPNQAFGSGNNSYSGSNSGAAIGWGSASNAGSGSGFNGGFGSSMDSKSSGWGM,19.165871743958878,6.914819927935957,6.6281968279456605,-0.38500194828486917,5.250792046950849,5.5741328923601685,-1.6786144166801427,-2.2458558818667598,6.32149268437753,7.902938337355441
MDAQTRRRERRAEKQAQWKAANPLLVGVSAKPVNRPILSLNRKPKSRVESALNPIDLTVLAEYHKQIESNLQRIERKNQRTWYSKPGERGITCSGRQKIKGKSIPLI,20.09786340977602,1.5176843318170168,-7.391561063138528,2.8157427134769613,1.3959653607428981,3.213237392961823,-0.981845867150607,-0.8821664568360253,-6.297568122243797,0.5774862466779639
GYGGKFGVEQDRMDRSAVGHEYQSKLSKHCSQVDSVRGFGGKFGVQMDRVDQSAVGFEYQGKTEKHASQKDYSSGFGGKYGVQADRVDKSAVGFDYQGKTEKHESQKDYSKGFGGKYGIDKDKVDKSAVGFEYQGKTEKHESQKDYVKGFGGKFGVQTDRQDKCALGWDHQEKLQLHESQKDYKTGFGGKFGVQSERQDSSAVGFDYKERLAKHESQQDYAKGFGGKYGVQKDRMDKNASTF,14.73783562931636,-2.0607396367615425,5.510332774192894,6.214323967246416,1.680798624535043,1.7334797033297626,1.1625333847829573,-1.4972502295109973,-3.6726066535268433,-4.611672124192317
GSMEAGRPRPVLRSVNSREPSQVIFCNRSPRVVLPVWLNFDGEPQPYPTLPPGTGRRIHSYRG HLWLFRDAGTHDGLLV NQTELFVPSLNVDGQPIFANITLPVYTLKERCLQVVRSLVKPENYRRLDIVRSLYEDLEDHPNV QKDLERLTQERIAHQ RMGD,16.085519469608542,6.179668459360482,-8.517088696794694,0.9131807211125431,-1.1925370752935325,-5.356922976391649,3.4836642723811497,-9.292285734719881,-0.7798071037083504,0.9936694893183049
AGGHSYGADLKSFDLGDELGTDPYEDFQENWNTKHSSGVTRELMRELNGG,-10.91158083603751,1.9100271056788014,-13.19187076103969,4.327761594087326,2.674807152124193,5.34995352737703,0.6880897885899856,-3.5100861829270005,-1.398340504940885,-0.797694295513176
MGSNGADNAHNNAFGGGKNPGIGNTSGAGSNGSASSNRGNSNGWSWSNKPHKNDGFHSDGSYHITFHGDNNSKPKPGGNSGNRGNNGDGASSHHHHHH,-13.473958715118618,7.887800295961945,13.373278913446985,15.61544793793045,-4.227948880378486,-1.7912661859495493,-10.124770965331082,-7.760881976230587,10.830915915326996,-9.537142097972135
AAPEGGISDVVEKSIKEAQETCAGDPVSGECVAAWDEVEELSAAASHARDKKKADGSDPLEEYCKDNPETNECRTYDN,10.547450951183919,-1.6916949925257048,-2.860738581509859,1.8311770259934435,7.889101598247159,-4.04975735616845,-1.1656684702679394,-7.406851807821785,-7.521095035340019,-6.101802407374406
SGSGPKNGEQYGAPFIEEEWAEDDDDDVDEPANQLVVSASVDNSLWGKGLNQSELDDNDIEELMSQVRDQSGPTLQQNGVSGLNSHVDTYNLENLEEDMYLEINDLMEPEPEPT,-13.763622542543956,0.8477142216230178,-4.104921540165203,-2.677136525297887,8.972126834870274,3.9156520835603126,6.349781774112828,4.4910368173597295,10.478935193727912,-0.3188160174919177
MGSVPKPAPQPYTFPASLSTINFDEFSPMLLPSGQISNQALALAPSSAPVLAQTMVPSSAMVPLAQPPAPAPVLTPGPPQSLSAPVPKSTQAGEGTLSEALLHLQFDADEDLGALLGNSTDPGVFTDLASVDNSEFQQLLNQGVSMSHSTAEPMLMEYPEAITRLVTGSQRPPDPAPTPLGTSGLPNGLSGDEDFSSIADMDFSALLSQISSLEHHHHHH,-13.831354492234512,9.949420417092881,5.850607589433227,-10.316624403651595,-4.077499081108147,0.20107011920356155,4.0637168954554435,5.411586891270313,4.7861161471231926,4.517911821663731
SGSGPKNGEQYGAPFIEEEWAEDDDDDVDEPANQLVVSASVDNSLWGKGLNQSELDDNDIEELMSQVRDQSGPTLQQNGVSGLNSHVDTYNLENLEEDMYLEINDLMEPEPEPT,-13.763622542543956,0.8477142216230178,-4.104921540165203,-2.677136525297887,8.972126834870274,3.9156520835603126,6.349781774112828,4.4910368173597295,10.478935193727912,-0.3188160174919177
DSHAKRHHGYKRKFHEKHHSHRGY,-11.972467413914371,-0.7723089094897195,0.5727348864173609,34.58158278878377,-7.481473857612102,-14.349260411677777,-11.811400229758627,9.726907346055206,-1.2822300554954957,9.253415636737246
SMDEPPGKPLSCEEKEKLKEKLAFAKREYSKTLARLQRAQRAEKIKHSIKKTVEEQDCLSQQDLSPQLKHSEPKNKICVYDKLHIKTHLDEETGEKTSITLDVGPESFNPGDGPGGLPIQRTDDTQEHFPHRVSDPSGEQKQKLPSRRKKQQKRTFISQERDCVFGTDSLRLSGKRLKEQEEISSKNPARSPVTEWENLYFQS,-9.24913129827632,3.478403339311851,-11.03866012129612,-6.4020002789250245,-0.6529896909255539,-6.151690051800523,-1.4178262282610858,5.65585950920377,1.7153291975668747,-3.2726609401583517
SSGGVGVPGVGVPGVGVPGVGVPGVGVPGVGVPGVGVPGVGVPGVGVPGVGVPGVGVPGVGVPGVGVPGVGVPGVGVPGVGVPGVGVPGVGVPGVGVPGVGVPGVGVPGVGVPGVGVPGVGVPGVGVPGVGVPGVGVPGVGVPGVGVPGVGVPGWPSGA,-13.393201410449599,-14.270110074600582,17.775820537757657,10.504386873340618,-25.37385865546608,15.499618845505443,19.550410316805102,-16.014789484483508,0.2698299960681545,-4.283190942235227
MGSSHHHHHHSSGLVPRGSHMHVGKARASETQTNEAEDKLSRAAADVLCIMTDLTRKVVNPLADRLAELAAEDTANITRDAELVNTYVDDIDGMLGKDSDDPDGTKKRIKELCDGAKTKVKDMPENARNREASIKEKAVKAKESGKKTLEGTEASEGGNPVVGLKEVMSSYCRGGRKCEEGVVSSTLDPPEGEISCTNVTLDEKEKWISTLMVEAGANWTTSKPKKVVNCSTAGEPPCTPLDQWGTHYNDTKSHVVRIVGELDESYKDMLICENQLLLVYKIHKGLQEEKNHSEIISEGERISNRTLDVLIGMSGGHRSSSLEDGVNNTDLQDLEEARTLFAKKRRWIM,-11.411402465355053,-2.520082258534674,-6.562250232462937,0.5159643228913997,4.611961068099216,0.43438688341299475,-2.410433489641243,-3.177988027898664,2.797431858414084,-5.30066143524927
MGCGPAYYNSHVQEEQTEVEETIEATKAEEAKDEPPSEGEAEEEEKEKEEGEEEEGAEEEEAAKDESEDTKEEEEGGEGEEEDTKESEEEEKKEESAGEEQVAKKKDGCG,-11.482238665794755,-27.390695611827933,4.3925034726178565,-12.046023703229599,1.7009939744217928,-4.343482064327035,-6.222514626486645,-3.8730459739491634,0.8411462929392907,-1.6600879349051207
GMPIGNLGNNVNGNHLIPPAPPLPSQTDGAARGGTGHLISSTGALGSRSLFSPLRNSMADSVDSRDIPGLPTNPSRLAAATSETCLLGGFEVLHDKGPLDILNTQIGPSAFRVEVQADGTHAAIGEKNGLEVSVTLSPQEWSSLQSIDTEGKNRFVFTGGRGGSGHPMVTVASDIAEARTKILAKLDPDNHGGRQPKDVDTRSVGVGSASGIDDGVVSETHTSTTNSSVRSDPKWSHPQFEK,-11.470490738134886,7.8054996459071795,-2.891852605907329,1.4920499840881458,1.5739306099956354,5.107819323816091,-0.5404665674808621,-1.2165303244302048,1.304280950706467,-6.470783544544837
GVDSRDIPGLPTNPSRLAAATSETCLLGGFEVLHDKGPLDILNTQIGPSAFRVEVQADGTHAAIGEKNGLEVSVTLSPQEWSSLQSIDTEGKNRFVFTGGRGGSGHPMVTVASDIAEARTKILAKLDPDNHGGRQPKDVDTWSHPQFEK,-9.789738889280681,5.569301692369021,-5.861518938991628,0.8207531380406019,5.040345799037941,5.120144070544225,-0.47440203196811587,-2.6182327709282145,-4.339623183399219,-5.241817429948367
GPRRNQPAEQTTTTTTHTVVQQQTGGNTPAQGGTDATRAEDASLNRRDSQGSVASTHWSDSSSEVVNPYAEVGGARNSLSAHQPEEHIYDEVAADPGYSVIQNFSGSGPVTGRLIGTPGQGIQSTYALLANSGGLRLGMGGLTSGGESAVSSVNAAPTPGPVRFVWSHPQFEK,-12.920975118310745,8.491641685520978,-0.8649141185946541,-3.8162614875927807,-2.5795541113078446,3.6890010196987713,2.1058287094040975,0.4624390297466987,5.966072736280366,0.5770491438674639
MKPVSLSYRCPCRFFESHVARANVKHLKILNTPNCALQIVARLKNNNRQVCIDPKLKWIQEYLEKALNKEYLEKALNK,15.010971719652789,2.7783667161040038,-8.431871703366163,3.6624666036963895,2.8625119987053704,0.19876023405336302,-2.302199009346988,-6.549952175481961,-0.9709221863320523,-1.2265326006567472
GKGDPKKPRGKMSSYAFFVQTCREEHKKKHPDASVNFSEFSKKCSERWKTMSAKEKGKFEDMAKADKARYEREMKTYIPPKGETKKKFKDPNAPKRPPSAFFLFCSEYRPKIKGEHPGLSIGDVAKKLGEMWNNTAADDKQPYEKKAAKLKEKYEKDIAAYRAKGKPDAAKKGVVKAEKSKKKKEEEEDEEDEEDEEEEEDEEDEDEEEDDDDD,31.00788106866258,-9.721483008319115,3.339303430264664,3.5349153133671964,0.45190095321972107,16.577405904355018,-5.843764126307753,12.842120333302327,8.580339977930926,-2.766432601585245
MTRLSFTSVGSITSGYSQSSQVFGRSAYSGLQSSSYLMSARSFPAYYNSHVQEEQTEVEETIEATKAEEAKDEPPSEGEAEEEEKEKEEGEEEEGAEEEEAAKDESEDTKEEEEGGEGEEEDTKESEEEEKKEESAGEEQVAKKKD,-14.471503044594456,-14.998635866213359,6.970211717375072,-4.162557128417393,3.520790157056255,-2.4478647378773255,-3.104060410644979,1.119653975954658,2.369536972960497,1.3373357623846664
GAMDPMEGSKTSNNSTMQVSFVSQRSSQPLKLDTSFKILDRVTIQELTAPLLTTAQAKPGETQEEETNSGEEPFIETPRQDGVSRRFIPPARMMSTESANSFTLIGEVSDGGTMENLSRRLKVTGDLFDIMSGQTDVDHPLSEESTDTLLDQLDTY,-11.9719669219975,3.2676571903722316,-10.05789695087293,-5.786466060345896,3.00963255698496,2.7124845214393534,1.1892283464199664,5.605076620588304,6.061210756857016,-2.153341960875562
GSGGIEGRHAGRQKVQEMKEKFSTIIKAEMPTQSSSPDLPASQAPQQLERIVLYLIENLQKSVDSAETVGGQGMESLMDDGYSSPANTLTLEELAPSPTPALALVPPAPSSVKSSISKSVSVVNVTAARKFQQEHQKQRERDREQLKERTNSTQGVIRQLSSCLSEAETASCILSPASSLSASEAPDTPDPHSNTSPPPSLHTRPSVLHRTLTSTLR,-11.192725274483534,4.765690014220576,-7.4798400222552175,-7.0432347530719515,-3.493635138604765,-2.0612320158568016,0.1036503989462986,6.47742837471084,2.2307219615952656,0.9470368869090169
NNATTVAPSVGITRLINSSTAEPVKEEAKTSNPTSSLTSLSVAPTFSPNITLGPTYLTTVNSSDSDNGTTRTASTNSIGITISPNGTWLPDNQFTDARTEPWEGNSSTAATTPETFPPSDETDIGGLNDIFEAQKIQWHEILNVKSIDYKDDDDKASITLAAARLADPEEPKSCDKTHTCPPCPAPELLGGPSVFLFPPKPKDTLMISRTPEVTCVVVDVSHEDPEVKFNWYVDGVEVHNAKTKPREEQYNSTYRVVSVLTVLHQDWLNGKEYKCKVSNKALPAPIEKTISKAKGQPREPQVYTLPPSRDELTKNQVSLTCLVKGFYPSDIAVEWESNGQPENNYKTTPPVLDSDGSFFLYSKLTVDKSRWQQGNVFSCSVMHEALHNHYTQKSLSLSPGK,4.199037884288912,1.158394124508739,-5.533903024455401,-2.824888361301975,-1.4791046118894648,-0.25970138753978655,3.222111035487253,-0.3816570737930145,1.4949731461038327,-4.7903524591155975
MPYVEIIEQPKQRGMRFRYKSEGRSAGSIPGERSTDTTKTHPTIKINGYTGPGTVRISLVTKDPPHRPHPHELVGKDCRDGYYEADLCPDRSIHSFQNLGIQCVKKRDLEQAISQRIQTNNNPFHVPIEEQRGDYDLNAVRLCFQVTVRDPAGRPLLLTPVLSHPIFDNRAPNTAELKICRVNRNSGSCLGGDEIFLLCDKVQKEDIEVYFTGPGWEARGSFSQADVHRQVAIVFRTPPYADPSLQAPVRVSMQLRRPSDRELSEPMEFQYLPDTDDRHRIEEKRKRTYETFKSIMKKSPFNGPTEPRPPTRRIAVPTRNSTSVPKPAPQPYTFPASLSTINFDEFSPMLLPSGQISNQALALAPSSAPVLAQTMVPSSAMVPLAQPPAPAPVLTPGPPQSLSAPVPKSTQAGEGTLSEALLHLQFDADEDLGALLGNSTDPGVFTDLASVDNSEFQQLLNQGVSMSHSTAEPMLMEYPEAITRLVTGSQRPPDPAPTPLGTSGLPNGLSGDEDFSSIADMDFSALLSQISS,12.10643625026117,9.731043197553259,0.6332671930935355,-7.572774883278565,-0.5676382341463588,-4.1384945176462935,6.223905829878228,-2.726315331389553,0.9479454451644778,8.33911744353651
GPLGSMDLFKRKVKEWVYSLSTDDHYAEYNPDETPTFNMGKRLNSNNGQVNPSQMHLNSVDEEMSMGFQNGVPSNEDINIDEFTSTESNDGVSETLLWRHIDFWTSEHNPDLNATLSDPCTQNDITHAEEDLEVSFPNPVKASFKIHDGQEDLESMTGTSGLFYGFQLMTLDQVVAMTQAWRNVAKNLNKRSQQGLSHVTSTGSSSSMERLNGNKFKLPNIPDQKSIPPNAVQPVYAHPAWIPLITDNAGNHIGVDLAPGPNGKYAQIITFGRDFDTKFVIAENWGEFLLSFANDLEAGNWYLVDDNDDYFSGDGELVFRDKKSNGPIQDYFEVLKRRTWIKYQENLRSQ,-3.0840538957128283,6.793025423056142,-3.4025917569397808,1.2583825102174573,11.041673947032091,0.468168560180285,4.242658298861799,-3.9328436821151214,0.3003186813216766,-1.534185201954677
GSMQYYENREKDYYEVAQGQRNGYGQSQSHNHEGYGQSQSRGGYGQIHNREGYNQNREGYSQSQSRPVYGLSPTLNHRSHGGFLDGLFKGQNGQKGQSGLGTFLGQHKSQEAKKSQGHGKLLGQHDQKKTHETNSGLNGLGMFINNGEKKHRRKSEHKKKNKDGHGSGNESGSSSGSDSD,-13.053566130055605,2.8969725525127767,15.10685418911586,14.507743974121356,-0.4361459847171761,-5.240295517875791,-4.310931737399511,-0.49219857718040266,10.245097614872293,-0.771926859735975
YYTSHVQEEQTEVEETIEAT,-13.263606474999227,-15.857425357815144,-5.435237927541453,1.5071993570668667,7.76343574190334,1.4131759412275278,8.461966194870405,9.215962398593584,-2.907049845135705,10.461287996765977
EGDMKIRKTDIPERYQELRAGITDYGNMSSEDQELERNWIAEKISVDKNFDANYDLTEFKEAIGNAIKFITKENLEVPFIYAYRRNYISSREKDGFLLTEDDLWDIVSLDIEFHSLVNKKDYVQRFYAELHIDDPIVTEYFKNQNTASIAELNSLQDIYDYLEFKYANEINEMFINHTGKTGKKHLKNSSYEKFKASPLYQAVSDIGISAEDVGENISSQHQIHPPVDHPSSKPVEVIESILNANSGDLQVFTSNTKLAIDTVQKYYSLELSKNTKIREKVRSDFSKYYLADVVLTAKGKKEIQKGSLYEDIKYAINRTPMHFRRDPDVFLKMVEAESLNLLSVKLHMSSQAQYIEHLFQIALETTNTSDIAIEWNNFRKLAFNQAMDKIFQDISQEVKDNLTKNCQKLVAKTVRHKFMTKLDQAPFIPNVRDPKIPKILSLTCGQGRFGADAIIAVYVNRKGDFIRDYKIVDNPFDKTNPEKFEDTLDNIIQSCQPNAIGINGPNPKTQKFYKRLQEVLHKKQIVDSRGHTIPIIYVEDEVAIRYQNSERAAQEFPNKPPLVKYCIALARYMHSPLLEYANLTSEEVRSLSIHPHQNLLSSEQLSWALETAFVDIVNLVSVEVNKATDNNYYASALKYISGFGKRKAIDFLQSLQRLNEPLLARQQLITHNILHKTIFMNSAGFLYISWNEKRQKYEDLEHDQLDSTRIHPEDYHLATKVAADALEYDPDTIAEKEEQGTMSEFIELLREDPDRRAKLESLNLESYAEELEKNTGLRKLNNLNTIVLELLDGFEELRNDFHPLQGDEIFQSLTGESEKTFFKGSIIPVRVERFWHNDIICTTNSEVECVVNAQRHAGAQLRRPANEIYEIGKTYPAKVIYIDYANITAEVSLLDHDVKQQYVPISYSKDPSIWDLKQELEDAEEERKLMMAEARAKRTHRVINHPYYFPFNGRQAEDYLRSKERGEFVIRQSSRGDDHLVITWKLDKDLFQHIDIQELEKENPLALGKVLIVDNQKYNDLDQIIVEYLQNKVRLLNEMTSSEKFKSGTKKDVVKFIEDYSRVNPNKSVYYFSLNHDNPGWFYLMFKINANSKLYTWNVKLTNTGYFLVNYNYPSVIQLCNGFKTLLKSNSSKNRMNNYR,-4.736281594753818,4.0521424029981095,-4.907400102572471,3.050675800820769,11.06455183599689,0.21579575099179893,3.817520303661764,-1.4281546022979086,-1.8250231738386677,-2.1009753856303264
KAEEAKDEPPSEGEAEEEEK,-7.175963371461491,-35.23115862164775,5.532406248419251,0.1698178171480771,-1.348449546097379,0.7170727638808461,-2.6827178246721712,6.348381244124491,-5.0494783103235426,4.569188067030836
SNAMTMTLHTKASGMALLHQIQGNELEPLNRPQLKIPLERPLGEVYLDSSKPAVYNYPEGAAYEFNAAAAANAQVYGQTGLPYGPGSEAAAFGSNGLGGFPPLNSVSPSPLMLLHPPPQLDPFLQPHGQQVPYYLENEPSGYTVREAGPPAFYRPNSDNRRQGGRERLASTNDKGSMAMESAKETRY,-13.053939792426657,8.600273631956854,-1.303021209250354,1.3648042148451227,-1.4844989657515255,5.293522558350147,1.8779854442253094,-1.4267611027896832,2.515865629535254,8.589077436591838
MGLSFSGTRPCCCRNNVLITDDGEVVSLTAHDFDVVDIESEEEGNFYVPPDMRGVTRAPGRQRLRSSDPPSRHTHRRTPGGACPATQFPPPMSDSEWSHPQFEK,-11.625474573380574,3.8239662971007444,-11.706417404979941,1.8142280839702971,-2.85000603014209,6.672631011855525,0.9177457627675694,2.8891934700551123,0.9682312866915045,-1.4914773379490127
MGIKQYSQEELKEMALVEIAHELFEEHKKPVPFQELLNEIASLLGVKKEELGDRIAQFYTDLNIDGRFLALSDQTWGLRSWYPYDQLDEETQPTVKAKKKKAKKAVEEDLDLDEFEEIDEDDLDLDEVEEELDLEADDFDEEDLDEDDDDLEIEEDIIDEDDEDYDDEEEEIK,3.7702383275842366,0.04393318706750774,3.4237532361948415,1.089787073813403,14.344536628250493,-4.221913020544826,17.92919449499086,2.0527285186456306,-2.5202776132818174,2.804520023095115
GPAMAPKTITELEKKVEEIPFKKERKFNPDLAPGTEKVTREGQKGEKTITTPTLKNPLTGVIISKGEPKEEITKDPINELTEYGPETIAPGHRDEFDPKLPTGEKEEVPGKPGIKNPETGDVVRPPVDSVTKYGPVKGDSIVEKEEIPFEKERKFNPDLAPGTEKVTREGQKGEKTITTPTLKNPLTGEIISKGESKEEITKDPINELTEYGPETITPGHRDEFDPKLPTGEKEEVPGKPGIKNPETGDVVRPPVDSVTKYGPVKGDSIVEKEEIPFEKERKFNPDLAPGTEKVTREGQKGEKTITTPTLKNPLTGVIISKGEPKEEITKDPINELTEYGPETITPGHRDEFDPKLPTGEKEEVPGKPGIKNPETGDVVRPPVDSVTKYGPVKGDSIVEKEEIPFKKERKFNPDLAPGTEKVTREGQKGEKTITTPTLKNPLTGEIISKGESKEEITKDPINELTEYGPETITPGHRDEFDPKLPTGEKEEVPGKPGIKNPETGDVVRPPVDSVTKYGPVKGDSIVEKEEIPFEKERKFNPDLAPGTEKVTREGQKGEKTITTPTLKNPLTGEIISKGESKEEITKDPINELTEYGPETITPGHRDEFDPKLPTGEKEEVPGKPGIKNPETGDVVRPPVDSVTKYGPVKGDSIVEKEEIPFKKERKFNPDLAPGTEKVTREGQKGEKTITTPTLKNPLTGEIISKGESKEEITKDPINELTEYGPETWSHPQFEK,10.41395158367947,-13.449293023466087,15.788497809404236,11.896937155088075,-5.381972518215214,8.498280415960659,19.407469133188272,6.85960817662266,-5.529218215709708,-10.740096236163817
AAQKRPSQRSKYLASASTMDHARHGFLPRHRDTGILDSLGRFFGSDRGAPKRGSGKDGHHAARTTHYGSLPQKAQGHRPQDENPVVHFFKNIVTPRTPPPSQGKGRGLSLSRFSWGAEGQKPGFGYGGRASDYKSAHKGLKGHDAQGTLSKIFKLGGRDSRSGSPMARR,18.844325719383267,8.0800985451564,1.7977775418467077,2.3697305260062653,-1.1235095773965058,-8.073795565069375,-4.565912620544983,-4.872102488672168,2.4633562664650244,5.268560890753726
AEEEEEKEKEEGEEEEGA,-11.348766579658097,-48.341460125163074,3.665006735678478,-2.8712995531468244,2.3135388864563065,-0.45642028422508546,1.0561821877216566,-9.967827616360385,2.3550703577054404,12.757055317573434
MRSAAVLALLLCAGQVIALPVNSPMNKGDTEVMKCIVEVISDTLSKPSPMPVSKECFETLRGDERILSILRHQNLLKELQDLALQGAKERTHQQKKHSSYEDELSEVLEKPNDQAEPKEVTEEVSSKDAAEKRDDFKEVEKSDEDSDGDRPQASPGLGPGPKVEEDNQAPGEEEEAPSNAHPLASLPSPKYPGPQAKEDSEGPSQGPASREKGLSAEQGRQTEREEEEEKWEEAEAREKAVPEEESPPTAAFKPPPSLGNKETQRAAPGWPEDGAGKMGAEEAKPPEGKGEWAHSRQEEEEMARAPQVLFRGGKSGEPEQEEQLSKEWEDAKRWSKMDQLAKELTAEKRLEGEEEEEEDPDRSMRLSFRARGYGFRGPGLQLRRGWRPNSREDSVEAGLPLQVRGYPEEKKEEEGSANRRPEDQELESLSAIEAELEKVAHQLEELRRG,-7.867105216211009,-3.36949908069353,-0.7369710839314876,-4.647064523623068,-5.966747283558274,-13.882245767526657,3.417422138508775,-0.06745006944554363,4.409149675075349,-1.5350114172638778
SEEEEKKEESAGEEQVAKKKD,-12.590353109707777,-34.226038724776274,1.798803904375481,-7.687757257222515,4.31312130478397,-3.0842710409939893,-12.598596537246369,-2.0994887539859732,-0.6448997010557184,-0.18351972117224316
TKEEEEGGEGEEEDTKES,-14.179823619411296,-42.22617779842332,0.9152944679714411,-2.808273101623037,4.319021969632327,0.40837430082289444,0.5742838627533818,-8.361992249466294,7.14305796042968,7.729205537553066
MADERKDEGKAPHWTSASLTEAAAHPHSPEMKDQGGSGEGLSRSANGFPYREEEEGAFGEHGSQGTYSDTKENGINGELTSADRETAEEVSARIVQVVTAEAVAVLKGEQEKEAQHKDQPAALPLAAEETVNLPPSPPPSPASEQTAALEEATSGESAQAPSAFKQAKDKVTDGITKSPEKRSSLPRPSSILPPRRGVSGDREENSFSLNSSISSARRTTRSEPIRRAGKSGTSTPTTPGSTAITPGTPPSYSSRTPGTPGTPSYPRTPGTPKSGILVPSEKKVAIIRTPPKSPATPKQLRLINQPLPDLKNVKSKIGSTDNIKYQPKGGQVQIVTKKIDLSHVTSKCGSLKNIRHRPGGGRVKIESVKLDFKEKAQAKVGSLDNAHHVPGGGNVKIDSQKLNFREHAKARVDHGAEIITQSPSRSSVASPRRLSNVSSSGSINLLESPQLATLAEDVTAALAKQGL,18.753077977907754,3.1425704630760443,1.3545124200911636,-0.527664016637356,0.2628030579784028,-3.62358524362244,4.390546156296193,1.6405696530456506,-2.294642542471296,7.348200398676227
GSGGIEGRHAGRQKVQEMKEKFSTIIKAEMPTQSSSPDLPASQAPQQLERIVLYLIENLQKSVDSAETVGGQGMESLMDDGYSSPANTLTLEELAPSPTPALALVPPAPSSVKSSISKSVSVVNVTAARKFQQEHQKQRERDREQLKERTNSTQGVIRQLSSCLSEAETASCILSPASSLSASEAPDTPDPHSNTSPPPSLHTRPSVLHRTLTSTLR,-11.192725274483534,4.765690014220576,-7.4798400222552175,-7.0432347530719515,-3.493635138604765,-2.0612320158568016,0.1036503989462986,6.47742837471084,2.2307219615952656,0.9470368869090169
EPLEKVASVGNSRPTGQQLESLGLLAPGEQSLPCTERKPAATARLSRRGTSLSPPPESSGSPQQPGLSAPHSRQIPAPQGAVLVQREKDLPNYNWNSFGLRFGKREAAPGNHGRSAGRG,-4.76778094418438,2.4670826120578506,-13.813606296417857,-8.748020909008813,-17.306002348282007,-2.5348501667336594,-0.303018831844788,-3.4263876612975053,-0.11523329930586623,1.2488533737417535
MDKLELVNDGLNIIDFIQKNQKEIQKTYGRSSIQQPSIKDQTKAWEDFLQCTSGESEQVEGGMSKDDGDVERRNLEDLSSTSPTDGTIGKRVSNTRDWAEGSDDIQLDPVVTDVVYHDHGGECTGYGFTSSPERGWSDYTSGANNGNVCLVSDAKMLSYAPEIAVSKEDRETDLVHLENKLSTTGLNPTAVPFTLRNLSDPAKDSPVIAEHYYGLGVKEQNVGPQTSRNVNLDSIKLYTSDDEEADQLEFEDEFAGSSSEVIVGISPEDEEPSSVGGKPNESIGRTIEGQSIRDNLQAKDNKSTDVPGAGPKDSAVKEEPPQKRLPMLAEEFECSGSEDPIIRELLKENSLINCQQGKDAQPPYHWSIERSISPDKTEIVNGAVQTADRQRPGTPMPKSRGIPIKK,-11.283697650771153,1.126122535056599,-6.242246390238925,-3.598598962344191,4.315011006336267,-0.2477097371961011,0.004955993513624063,3.9934276854408317,8.26493194010322,-6.332399864421412
MAEEKHHHHLFHHKKEGEDFQPAADGGADVYGYSTETVVTGTGNEGEYERITKEEKHHKHKEHLGEMGAVAAGAFALYEKHEAKKDPEHAHKHKIEEELAAAAAVGAGGFVFHEHHEKKQDHKEAKEASGEKKHHLFG,5.965843232248131,-0.8981975822677607,8.315254594308042,9.381674570237815,5.08997448974928,-10.734852769916676,-1.7352233832446842,-4.216359728605803,-2.2772836916928916,-4.326943019227971
MNTDQQKVSEIFQSSKEKLQGDAKVVSDAFKKMASQDKDGKTTDADESEKHNYQEQYNKLKGAGHKKE,-11.628368627319647,0.4858949520825987,-0.6062462204909943,5.769772447036283,7.2810527937232585,-0.2982912740499319,-5.263249750020906,-0.4373410479324916,-3.039453614680196,-3.344757417223286
MTPSTPPRSRGTRYLAQPSGNTSSSALMQGQKTPQKPSQNLVPVTPSTTKSFKNAPLLAPPNSNMGMTSPFNGLTSPQRSPFPKSSVKRTLFQFESHDNGTVREEQEPLGRVNRILFPTQQNVDIDAAEEEEEGEVLLPPSRPTSARQLHLSLERDEFDQTHRKKIIKDVPGTPSDKVITFELAKNWNNNSPKNDARSQESEDEEDIIINPVRVGKNPFASDELVTQEIRNERKRAMLRENPDIEDVITYVNKKGEVVEKRRLTDEEKRRFKPKALFQSRDQEH,-9.613381292733397,5.623374612935542,-4.962767718105471,-1.850185607074277,10.032279296877135,2.0399762564332935,0.5417343379853757,4.892134542598897,0.5692126390958862,-2.5681128131534883
VIQNEDLGPASPLDSTFYRSLLEDDDMGDLVDAEEYLVPQQGFFCPDPAPGAGGMVHHRHRSSSTRSGGGDLTLGLEPSEEEAPRSPLAPSEGAGSDVFDGDLGMGAAKGLQSLPTHDPSPLQRYSEDPTVPLPSETDGYVAPLTCSPQPEYVNQPDVRPQPPSPREGPLPAARPAGATLERPKTLSPGKNGVVKDVFAFGGAVENPEYLTPQGGAAPQPHPPPAFSPAFDNLYYWDQDPPERGAPPSTFKGTPTAENPEYLGLDVPV,-11.647866733564216,6.254502414988625,-5.719349493690738,-10.786563157103659,-11.636873997319507,-4.985869849082891,7.235177767773572,6.012483609988018,8.074671350920736,0.3562360822170917
ERQQDRRKPRQNNRRDRNERRDTRSERTEGSDNREENRRNRRQAQQQTAETRESRQQAEVTEKARTADEQQAPRRERSRRRNDDKRQAQQEAKALNVEEQSVQETEQEERVRPVQPRRKQRQLNQKVRYEQSVAEEAVVAPVVEETVAAEPIVQEAPAPRTELVKVPLPVVAQTAPEQQEENNADNRDNGGMPRRSRRSPRHLRVSGQRRRRYRDERYPTQSPMPLTVACASPELASGKVWIRYPIVR,5.3042987053362545,-3.396477281199475,2.4314788401857155,0.9593252326261386,-1.4297028788138024,-0.6385227922144451,9.75940223633668,17.699239578502365,-18.35207684380212,7.573153482149028
MSVYFPIHCSDYLRSAEMTEVMMNAPSMEEIGLSPRKDGLSYQIFPDPSDFDRCCKLKDRLPSIVVEPTEGEVESGELRWPPEEFLVQEDEQDNCEETTNEKKDQ,-10.706288908832926,-1.5236156962859195,-10.761045198892058,-1.7848609974684488,7.487980428034225,4.250613688233633,0.7329726428711392,1.7544141052248912,0.0690797929530099,-0.9541777383877056
HKQGILGNQPALPAPGAQPPVIPQAQPVRPPNGPLSLPVNRMQVSQGMNSFNPMSLGNVQLPQAPMGPRAASPMNHSVQMNSMGSVPGMAISPSRMPQPPNMMGAHTNNMMAQAPAQSQFLPQNQFPSSSGAMSVGMGQPPAQTGVSQGQVPGAALPNPLNMLGPQASQLPCPPVTQSPLHPTPPPASTAAGMPSLQHTTPPGMTPPQPAAPTQPSTPVSSSGQTPTPTPGSVPSATQTQSTPTVQAAAQAQVTPQPQTPVQPPSVATPQSSQQQPTPVHAQPPGTPLSQAAASIDNRVPTPSSVASAETNSQQPGPDVPVLEMKTETQAEDTEPDPGESKGEPRSEMMEEDLQGASQVKEETDIAEQKSEPMEVDEKKPEVKVEVKEEEESSSNGTASQSTSPSQP,-10.161360485165275,10.973460669151367,19.040342933114765,-18.270979722878135,-3.9599887226557655,-1.0857360783521266,0.4730503118031266,3.1170624047250595,2.4761504634137905,12.570220116285949
MSTQQQARALMMRHHQFIKNRQQSLLSRAAAEIGVQAEKDFWTTVQGKPQSSFRETYDRSSASLS,-10.368121013243147,4.790244011592244,-13.756496600446784,3.344567728690447,2.62964855900016,5.048236649052662,-2.8508985073143265,0.0007516918228422334,-6.56090941977403,2.962875836889041
RLEQYTSAVVGNKAAKPAKPAASDLPVPAEGVRNIKSMWEKGNVFSSPGGTGTPNKETAGLKVGVSSRINEWLTKTPEGNKSPAPKPSDLRPGDVSGKRNLWEKQSVEKPAASSSKVTATGKKSETNGLRQFEKEP,-10.483414432952317,6.940048352540808,5.46343219177233,-11.009381029035614,3.4022163106065264,-2.5037296749743274,-6.13309170131512,4.289248664815085,-3.9052191587387766,-6.312118657551904
QHGNVKTSEIVEDKPVEENLIGDRAPELPSEVLRMKYFAMPPMAIEDALEQLQLVDHDFYMFRNKDTDEINVIYIRNHGGYGVIQPHQAS,-2.2413050181266647,3.957506737960531,-5.066746322771953,0.9207637737498642,9.968605649476563,0.560674597895076,6.2648880415398125,-2.7124539041515727,-6.002476408278626,-1.166900310524216
TETVNIHERVNNAQAPAHQMQSAAAPVGIQGTAPRMAGMDQHEQAIIAHETMTNGSADAHQKMVESHQRMMGSQTVSPTGPSKSLAAMNEHERAAVAHEFMNNGQSGPHQAMAEAHRRMLSAG,17.118014093256786,2.97299196049748,1.264405580239486,5.632342316879161,2.645044401846438,2.5559572253617717,-2.1335645202589517,-3.2508881493063315,-5.123271020137087,-0.7192346101681948
FVTLHGAERLEEETNDEDVSDIERRIAMRLAERRQEDSATHGDEGRNNGVDHE,-10.964501233102876,-4.484382623056699,-13.875578922370876,5.1556840859459125,5.650782752000745,5.812391059259897,3.5579661559072893,-2.1065720779287482,-0.8943147522176996,1.5916889832148429
GEFNTIQQLMMILNSASDQPSENLISYFNNCTVNPKESILKRVKDIGYIFKEKFAKAVGQGCVEIGSQRYKLGVRLYYRVMESMLKSEEERLSIQNFSKLLNDNIFHMSLLACALEVVMATYSRSTSQNLDSGTDLSFPWILNVLNLKAFDFYKVIESFIKAEGNLTREMIKHLERCEHRIMESLAWLSDSPLFDLIKQSKLVPRGSKSTSLSLFYKKVYRLAYLRLNTLCERLLSEHPELEHIIWTLFQHTLQNEYELMRDRHLDQIMMCSMYGICKVKNIDLKFKIIVTAYKDLPHAVQETFKRVLIKEEEYDSIIVFYNSVFMQRLKTNILQYASTRPPTLSPIPHIPR,8.808297042583575,4.650834851429257,-8.699734671652058,-0.6346210614995419,3.1768031826703083,-1.5986937195450583,0.8897648683130783,-5.408996796226615,0.6216930615702952,1.0847518205997215
TRLPLPLRDTKLLSPLRDTP PPQSLMVKITLDLLSRIPQP PGKPMGSDKQIKNGECDKAY LDELVELHRRLMTLRERHIL QQIVNLIEETGHFHITNTTF DFDLCSLDKTTVRKLQSYLE TSGTS,-8.39691276570796,1.6577669133980488,-11.327727352797494,0.13811834967484643,-1.952908265223348,4.155632059720378,0.7303446133042514,1.7541911184489969,-1.150940985624556,-1.5110920231074516
GSPEFMAEEKHHHLFHHKEGEDFQPAADGGVDTYGYSTETVVTATGNDGEYERITKEEKHHKHKEHLGEMGAAAAGAFALYEKHEAKKDPEHAHKHKIEEEVAAAAAVGAGGFVFHEHHEKKQDHKEAKEASGEKKHHLFGC,5.3815145521696115,-0.5002149423073832,8.075277485491608,8.499171200459456,4.073870308948015,-10.544668517071925,-1.2561604252415484,-3.757465629020536,-1.9045746870153004,-4.369177580897832
MDYKDDDDKNRALSPMVSEFETIEQENSYNEWLRAKVATSLADPRPAIPHDEVERRMAERFAKMRKERSKQ,0.5620229766847606,1.642557875253415,-7.91327032308304,2.8821193758874077,8.78124862622699,0.08534015448462677,1.9133147183513812,-3.5469652641613316,-8.793294494632523,-2.316026005282364
HGHVSGFRFDGVYEPGYSLDYYYAKQNGQEVPSVAAWSAENLDNGFVDGTGYQTVDIVCHKKSAPGKKSAKIAAGGTVDFLWTAWPDSHMGPVLTYAAKCDGDCTTADPATLKWVKIQESGYEDGTWAAIALIKNNNTGSATIPADFAPGNYVLRHEIIAMHGAGSENGAQNYPQCVNVEVTGSGTATPEGVLGTELYKSTDPGILFSPYQAKVDYTPPGPALYGKGSSYTPTTPTTPTTPTTPSNGTVPATSAAASAAAEDDYGCSSKKLRRHARDLFHSRH,-4.874847559485641,4.539416557505141,2.531783236913686,3.01053215742559,7.8569336376422525,2.898696291741513,2.690088646951257,-3.5157354912202052,-7.8160049511005605,-5.831360410608133
GPLGSHLVATSESVTEITASSFVVSWVSASDTVSGFRVEYELSEEGDEPQYLDLPSTATSVNIPDLLPGRKYIVNVYQISEDGEQSLILSTSQTT,-5.670193849203846,-1.9153219420121106,-1.9335767914952269,-1.286819086565391,-2.3840862867212866,1.6942758639579005,16.4056255678582,2.9353334180800097,-0.327587970543139,-6.088845396065678
GAMGTAGNKAALLDQIREGAQLKKVEQNSRPVSCSGRDALLDQIRQGIQLKSVADGQESTPPTPAPT,-10.156068941030442,3.3783922480934967,4.635016103676458,-3.5054036328039504,1.4466956397423145,3.6470357879950437,-2.616713600004802,0.8913340275048628,-2.656617949533874,-1.502186751383037
MVRTKADSVPGTYRKVVAARAPRKVLGSSTSATNSTSVSSRKAENKYAGGNPVCVRPTPKWQKGIGEFFRLSPKDSEKENQIPEEAGSSGLGKAKRKACPLQPDHTNDEKE,-11.488456857688565,2.0842254744682793,-5.352679826651906,-5.087281004907461,2.7801806315042183,1.0178800364070755,-7.580489150424314,3.3031693237397373,-2.3366218817334135,-6.455109995156058
CGNLSTCMLGTYTQDFNKFHTFPQTAIGVGAP,-10.791151225653218,8.275576326796665,-7.293848356606725,1.4619337049191903,-2.2922043821301443,9.358574350587064,-4.00111629778928,-4.0838630894061305,-1.5039779164696636,1.5201120907303833
FVTLHGAERLEEETNDEDVSDIERRIAMRLAERRQEDSATHGDEGRNNGVDHE,-10.964501233102876,-4.484382623056699,-13.875578922370876,5.1556840859459125,5.650782752000745,5.812391059259897,3.5579661559072893,-2.1065720779287482,-0.8943147522176996,1.5916889832148429
MASTHQSSTEPSSTGKSEETKKDASQGSGQDSKNVTVTKGTGSSATSAAIVKTGGSQGKDSSTTAGSSSTQGQKFSTTPTDPKTFSSDQKEKSKSPAKEVPSGGDSKSQGDTKSQSDAKSSGQSQGQSKDSGKSSSDSSKSHSVIGAVKDVVAGAKDVAGKAVEDAPSIMHTAVDAVKNAATTVKDVASSAASTVAEKVVDAYHSVVGDKTDDKKEGEHSGDKKDDSKAGSGSGQGGDNKKSEGETSGQAESSSGNEGAAPAKGRGRGRPPAAAKGVAKGAAKGAAASKGAKSGAESSKGGEQSSGDIEMADASSKGGSDQRDSAATVGEGGASGSEGGAKKGRGRGAGKKADAGDTSAEPPRRSSRLTSSGTGAGSAPAAAKGGAKRAASSSSTPSNAKKQATGGAGKAAATKATAAKSAASKAPQNGAGAKKKGGKAGGRKRK,-12.915939212494989,-2.1040810934466188,18.463038933811035,-5.069939461111034,-0.11302109069539669,-2.356154956958925,-13.749881805881452,-0.8408931376658583,-1.8119894780596004,-11.08619851850598
MLYIDEFKEAIDKGYILGDTVAIVRKNGKIFDYVLPHEKVRDDEVVTVERVEEVMVELDKLEHHHHHH,-6.530783158648412,-0.5832359546759069,-7.525731555111831,6.789562703618249,8.934126318390387,-0.6554300333535709,3.7949579201224473,-2.9126008058506643,-2.3683140978675867,-0.8181598680109252
AEEIKNVPEQEVPKVATEESSAEVTDRGLFDFLGKKKDETKPEETPIASEFEQKVHISEPEPEVKHESLLEKLHRSDSSSSSSSEEEGSDGEKRKKKKEKKKPTTEVEVKEEEKKGFMEKLKEKLPGHKKPEDGSAVAAAPVVVPPPVEEAHPVEKKGILEKIKEKLPGYHPKTTVEEEKKDKE,0.9580564759508976,-4.714777233321275,13.757496120437223,-1.206958245493418,6.492614395423956,-12.789735394257116,-2.7856666656174887,2.475322671843503,-6.0814170688579035,-4.149254291215993
MTRLSFTSVGSITSGYSQSSQVFGRSAYSGLQSSSYLMSARSFPAYYNSHVQEEQTEVEETIEATKAEEAKDEPPSEGEAEEEEKEKEEGEEEEGAEEEEAAKDESEDTKEEEEGGEGEEEDTKESEEEEKKEESAGEEQVAKKKD,-14.471503044594456,-14.998635866213359,6.970211717375072,-4.162557128417393,3.520790157056255,-2.4478647378773255,-3.104060410644979,1.119653975954658,2.369536972960497,1.3373357623846664
SNAMTMTLHTKASGMALLHQIQGNELEPLNRPQLKIPLERPLGEVYLDSSKPAVYNYPEGAAYEFNAAAAANAQVYGQTGLPYGPGSEAAAFGSNGLGGFPPLNSVSPSPLMLLHPPPQLAPFLQPHGQQVPYYLENEPSGYTVREAGPPAFYRPNSDNRRQGGRERLASTNDKGSMAMESAKETRY,-12.82259458291834,8.349661774714592,-1.712864493616586,1.0925278362604087,-1.9483101293527016,5.515662991837685,1.5512675049390783,-1.8291216200064875,2.034062770306034,8.894750339589136
MGSVPKPAPQPYTFPASLSTINFDEFSPMLLPSGQISNQALALAPSSAPVLAQTMVPSSAMVPLAQPPAPAPVLTPGPPQSLSAPVPKSTQAGEGTLSEALLHLQFDADEDLGALLGNSTDPGVFTDLASVDNSEFQQLLNQGVSMSHSTAEPMLMEYPEAITRLVTGSQRPPDPAPTPLGTSGLPNGLSGDEDFSSIADMDFSALLSQISSLEHHHHHH,-13.831354492234512,9.949420417092881,5.850607589433227,-10.316624403651595,-4.077499081108147,0.20107011920356155,4.0637168954554435,5.411586891270313,4.7861161471231926,4.517911821663731
MDLSVENGGLAPGFRFHPTDEELVVYYLKRKIRRKKLRVEAIGETDVYKFDPEELPEKALYKTRDRQWFFFSLRDRKHGSRSSRATERGYWKATGKDRVIHCDSRPVGEKKTLVFHRGRAPNGERTNWVMHEYTLHKEELKRCGGEDVKDAYVLYKIYKKSGSGPKNGEQYGAPFIEEEWAEDDDDDVDEPANQLVVSASVDNSLWGKGLNQSELDDNDIEELMSQVRDQSGPTLQQNGVSGLNSHVDTYNLENLEEDMYLEINDLMEPEPEPT,1.7343484635222828,1.8657006975189316,-4.507768148444739,-0.41823120989973483,7.967545866306911,-0.1841437999757081,3.0182765260701485,-4.140610116873455,2.9649900689842275,-1.515080175092444
MGIKQYSQEELKEMALVEIAHELFEEHKKPVPFQELLNEIASLLGVKKEELGDRIAQFYTDLNIDGRFLALSDQTWGLRSWYPYDQLDEETQPTVKAKKKKAKKAVEEDLDLDEFEEIDEDDLDLDEVEEELDLEADDFDEEDLDEDDDDLEIEEDIIDEDDEDYDDEEEEIK,3.7702383275842366,0.04393318706750774,3.4237532361948415,1.089787073813403,14.344536628250493,-4.221913020544826,17.92919449499086,2.0527285186456306,-2.5202776132818174,2.804520023095115
FNRPILFDIVSRGSPDGLEGLLSFLLTHKKRLTDEEFREPSTGKTCLPKALLNLSAGRNDTIPILLDIAEKTGNMREFINSPFRDVYYRGQTALHIAIERRCKHYVELLVEKGADVHAQARGRFFQPKDEGGYFYFGELPLSLAACTNQPHIVHYLTENGHKQADLRRQDSRGNTVLHALVAIADNTRENTKFVTKMYDLLLIKCAKLFPDTNLEALLNNDGLSPLMMAAKTGKIGIFQHIIRREIAD,10.249781506088391,2.806623831984775,-5.581137961936064,2.101922292659021,4.312444381439578,1.1663971215081979,4.933812178264824,-3.1162595574261025,-1.8196228564457175,4.0419590735789805
MKPVSLSYRCPCRFFESHVARANVKHLKILNTPNCALQIVARLKNNNRQVCIDPKLKWIQEYLEKALNKE YLEKALNK,15.010971719652789,2.7783667161040038,-8.431871703366163,3.6624666036963895,2.8625119987053704,0.19876023405336302,-2.302199009346988,-6.549952175481961,-0.9709221863320523,-1.2265326006567472
GKGDPKKPRG KMSSYAFFVQTCREEHKKKHPDASVNFS EFSKKCSERWKTMSAKEKGKFEDMAKADKARY EREMKT YIPPKGETKKKFKDPNAPKRPPSAFFLFCSEYRP KIKGEH PGLSIGDVAKKLGEMWNNTAADDKQPYEKKAAKLKEKYE KDIAAYRAKGKPDAAKKGVVKAEKSKKKKEEEEDEEDEED EEEEEDEEDEDEEEDDDDD,31.00788106866258,-9.721483008319115,3.339303430264664,3.5349153133671964,0.45190095321972107,16.577405904355018,-5.843764126307753,12.842120333302327,8.580339977930926,-2.766432601585245
NAPSTTITTTKQLSRIDSLDNIDHLLDFSSLPPLIDPGFLGQPGPSFSGARQQHDLKPVLHHPTTAPVDNTYLPTQALNFPYHSVHNSGSDFGYGAGSGNNNKGMIKLEHSLVSVSQETGLSSDVNTTATPEISSYPMMMNPAMMDGSKSACDGLDDLIFWEDLYTS,-12.930676684970026,11.257488237769998,4.202582130864334,-1.6524012139868165,2.257677056936478,-0.1324504991010647,0.5934356547587812,2.841470957565868,10.616361255122097,2.8930747374393317
MHHHHHHGKPIPNPLLGLDSTENLYFQGIDPFTGLSSDKIDEMYDIFGDGHDYDWALEIENEELENGNDNNEAEEEEIDEETGAIKSTKKKISLQDIYDLEDLKKNLMTEGDMKIRKTDIPERYQELRAGITDYGNMSSEDQELERNWIAEKISVDKNFDANYDLTEFKEAIGNAIKFITKENLEVPFIYAYRRNYISSREKDGFLLTEDDLWDIVSLDIEFHSLVNKKDYVQRFYAELHIDDPIVTEYFKNQNTASIAELNSLQDIYDYLEFKYANEINEMFINHTGKTGKKHLKNSSYEKFKASPLYQAVSDIGISAEDVGENISSQHQIHPPVDHPSSKPVEVIESILNANSGDLQVFTSNTKLAIDTVQKYYSLELSKNTKIREKVRSDFSKYYLADVVLTAKGKKEIQKGSLYEDIKYAINRTPMHFRRDPDVFLKMVEAESLNLLSVKLHMSSQAQYIEHLFQIALETTNTSDIAIEWNNFRKLAFNQAMDKIFQDISQEVKDNLTKNCQKLVAKTVRHKFMTKLDQAPFIPNVRDPKIPKILSLTCGQGRFGADAIIAVYVNRKGDFIRDYKIVDNPFDKTNPEKFEDTLDNIIQSCQPNAIGINGPNPKTQKFYKRLQEVLHKKQIVDSRGHTIPIIYVEDEVAIRYQNSERAAQEFPNKPPLVKYCIALARYMHSPLLEYANLTSEEVRSLSIHPHQNLLSSEQLSWALETAFVDIVNLVSVEVNKATDNNYYASALKYISGFGKRKAIDFLQSLQRLNEPLLARQQLITHNILHKTIFMNSAGFLYISWNEKRQKYEDLEHDQLDSTRIHPEDYHLATKVAADALEYDPDTIAEKEEQGTMSEFIELLREDPDRRAKLESLNLESYAEELEKNTGLRKLNNLNTIVLELLDGFEELRNDFHPLQGDEIFQSLTGESEKTFFKGSIIPVRVERFWHNDIICTTNSEVECVVNAQRHAGAQLRRPANEIYEIGKTYPAKVIYIDYANITAEVSLLDHDVKQQYVPISYSKDPSIWDLKQELEDAEEERKLMMAEARAKRTHRVINHPYYFPFNGRQAEDYLRSKERGEFVIRQSSRGDDHLVITWKLDKDLFQHIDIQELEKENPLALGKVLIVDNQKYNDLDQIIVEYLQNKVRLLNEMTSSEKFKSGTKKDVVKFIEDYSRVNPNKSVYYFSLNHDNPGWFYLMFKINANSKLYTWNVKLTNTGYFLVNYNYPSVIQLCNGFKTLLKSNSSKNRMNNYR,-5.061898318595222,3.358494673080198,-4.2152295977652185,2.7651988466618747,11.577225777215457,0.3338798878636111,4.3067254883489055,-1.046441295985683,-1.3212463473973293,-1.8134462317097402
ISPLKPGTVSQQALQNLLRTLRSPSSPLQQQQVLSILHANPQLLAAFIKQRAAKYANSNPQPIPGQPGMPQGQPGLQPPTMPGQQGVHSNPAMQNMNPMQAGVQR,-13.486106972921752,14.640192900898557,10.584662821144608,-3.199544948741166,4.043092171365407,7.418368967325274,-1.236442144898015,-1.1515335718391067,-1.7625540445168528,11.134671452811446
MSSQQNQNRQGEQQEQGYMEAAKEKVVNAWESTKETLSSTAQAAAEKTAEFRDSAGETIRDLTGQAQEKGQEFKERAGEKAEETKQRAGEKMDETKQRAGEMRENAGQKMEEYKQQGKGKAEELRDTAAEKLHQAGEKVKGRD,-9.18164646939002,1.4962310402856862,16.440271544629,5.611116441645841,5.184314111487208,-5.234476213668802,-0.43263927879651987,-5.9395487822543345,-3.7865317509986642,1.7567235694270935
HHHHHHMSGVRPPIMNGPMHPRPLVALLDGRDTVEMPILKDVATVAFCDAQSTQEIHEKVLNEAVGALMYHTITLTREDLEKFKALRIIVRIGSGFDNIDIKSAGDLGIAVCNVPAASGSSWYSEQASIEMREEAAREIRRAITGRIPDSLKNCVNKDHLTAATHWASMDPAVVHPELNGAAYSRYPPGVVSVAPTGIPAAVEGIVPSAMSLSHGLPPVAHPPHAPSPGQTVKPEADRDHTTDQL,-1.8831803718789841,1.2954572611562467,-11.32659755506687,1.0330325471657897,-4.969308884082513,6.847715263058609,1.7834518626320932,-3.36463690591793,-3.9969337446932673,1.1963550209063247
GPLGSMDLFKRKVKEWVYSLSTDDHYAEYNPDETPTFNMGKRLNSNNGQVNPSQMHLNSVDEEMSMGFQNGVPSNEDINIDEFTSTESNDGVSETLLAWRHIDFWTSEHNPDLNATLSDPCTQNDITHAEEDLEVSFPNPVKASFKIHDGQEDLESMTGTSGLFYGFQLMTLDQVVAMTQAWRNVAKNLNKRSQQGLSHVTSTGSSSSMERLNGNKFKLPNIPDQKSIPPNAVQPVYAHPAWIPLITDNAGNHIGVDLAPGPNGKYAQIITFGRDFDTKFVIAENWGEFLLSFANDLEAGNWYLVDDNDDYFSGDGELVFRDKKSNGPIQDYFEVLKRRTWIKYQENLRSQ,-2.8906183046281595,6.794969318336996,-3.3158000976169526,1.287748837730675,11.19542224368977,0.3577305412147971,4.329542199479024,-3.943091946793004,0.18640807493015182,-1.5419283730031292
GPAMAPKTITELEK KVEEIPFKKE RKFNPDLAPG TEKVTREGQK GEKTITTPTL KNPLTGVIIS KGEPKEEITK DPINELTEYG PETIAPGHRD EFDPKLPTGE KEEVPGKPGI KNPETGDVVR PPVDSVTKYG PVKGDSIVEK EEIPFEKERK FNPDLAPGTE KVTREGQKGE KTITTPTLKN PLTGEIISKG ESKEEITKDP INELTEYGPE TITPGHRDEF DPKLPTGEKE EVPGKPGIKN PETGDVVRPP VDSVTKYGPV KGDSIVEKEE IPFEKERKFN PDLAPGTEKV TREGQKGEKT ITTPTLKNPL TGVIISKGEP KEEITKDPIN ELTEYGPETI TPGHRDEFDP KLPTGEKEEV PGKPGIKNPE TGDVVRPPVD SVTKYGPVKG DSIVEKEEIP FKKERKFNPD LAPGTEKVTR EGQKGEKTIT TPTLKNPLTG EIISKGESKE EITKDPINEL TEYGPETITP GHRDEFDPKL PTGEKEEVPG KPGIKNPETG DVVRPPVDSV TKYGPVKGDS IVEKEEIPFE KERKFNPDLA PGTEKVTREG QKGEKTITTP TLKNPLTGEI ISKGESKEEI TKDPINELTE YGPETITPGH RDEFDPKLPT GEKEEVPGKP GIKNPETGDV VRPPVDSVTK YGPVKGDSIV EKEEIPFKKE RKFNPDLAPG TEKVTREGQK GEKTITTPTL KNPLTGEIIS KGESKEEITK DPINELTEYG PETITPGHRD EFDPKLPTGE KEEVPGKPGI KNPETGDVVR PPVDSVTKYG PVKGDSIVEK EEIPFEKERK FNPDLAPGTE KVTREGQKGE KTITTPTLKN PLTGEIISKG ESKEEITKDP INELTEYGPE T WSHPQFEK,8.523208757374855,-13.207066828528388,16.6241766598668,12.065441717500532,-6.2228461783519515,8.670204898351933,19.907454017431785,6.571673274911177,-5.448669586041178,-10.693601186312405
MAHHHHHHVDDDDKIMPLSGTPAPNKKRKSSKLIMELTGGGQESSGLNLGKKISVPRDVMLEELSLLTNRGSKMFKLRQMRVEKFIYENHPDVFSDSSMDHFQKFLPTVGGQLGTAGQGFSYSKSNGRGGSQAGGSGSAGQYGSDQQHHLGSGSGAGGTGGPAGQAGRGGAAGTAGVGETGSGDQAGGEAE,-0.7944640885506327,7.7974520791107365,4.243723756725141,-0.2517723984891245,-2.0088079401618733,-6.522399785087051,0.3347448774073101,-8.142053299834812,5.860004058689337,2.724166454786289
MAGLTAAAPRPGVLLLLLSILHPSRPGGVPGAIPGGVPGGVFYPGAGLGALGGGALGPGGKPLKPVPGGLAGAGLGAGLGAFPAVTFPGALVPGGVADAAAAYKAAKAGAGLGGVPGVGGLGVSAGAVVPQPGAGVKPGKVPGVGLPGVYPGGVLPGARFPGVGVLPGVPTGAGVKPKAPGVGGAFAGIPGVGPFGGPQPGVPLGYPIKAPKLPGGYGLPYTTGKLPYGYGPGGVAGAAGKAGYPTGTGVGPQAAAAAAAKAAAKFGAGAAGVLPGVGGAGVPGVPGAIPGIGGIAGVGTPAAAAAAAAAAKAAKYGAAAGLVPGGPGFGPGVVGVPGAGVPGVGVPGAGIPVVPGAGIPGAAVPGVVSPEAAAKAAAKAAKYGARPGVGVGGIPTYGVGAGGFPGFGVGVGGIPGVAGVPGVGGVPGVGGVPGVGISPEAQAAAAAKAAKYGAAGAGVLGGLVPGAPGAVPGVPGTGGVPGVGTPAAAAAKAAAKAAQFGLVPGVGVAPGVGVAPGVGVAPGVGLAPGVGVAPGVGVAPGVGVAPGIGPGGVAAAAKSAAKVAAKAQLRAAAGLGAGIPGLGVGVGVPGLGVGAGVPGLGVGAGVPGFGAGADEGVRRSLSPELREGDPSSSQHLPSTPSSPRVPGALAAAKAAKYGAAVPGVLGGLGALGGVGIPGGVVGAGPAAAAAAAKAAAKAAQFGLVGAAGLGGLGVGGLGVPGVGGLGGIPPAAAAKAAKYGAAGLGGVLGGAGQFPLGGVAARPGFGLSPIFPGGACLGKACGRKRK,3.198962385301712,3.091701182568616,18.908830527047446,2.9399967993756486,-10.872579766138799,3.3268595411742554,10.633069627305373,-12.017520719689012,-5.395212090630948,-0.7601650725079793
DLIDTLGGPEETEEENTTYTGPEVSDPMSSTYIEELGKREVTIPPKYRELLAKKEGITGPPADSSKPIGPDDAIDALSSDFTCGSPTAAGKKTEKEESTEVLKAQSAGTVRSAAPPQEKKRKVEKDTMSDQALEALSASLGTRQAEPELDLR,5.276888547612901,-4.146554682175799,-0.9304137361887638,-4.980840927383694,-2.424924694482769,-5.9598557839472095,2.925457158700122,0.8692802264688764,-5.3050388413755565,-7.620860819348433
MAEEYKNTVPEQETPKVATEESSAPEIKERGMFDFLKKKEEVKPQETTTLASEFEHKTQISEPESFVAKHEEEEHKPTLLEQLHQKHEEEEENKPSLLDKLHRSNSSSSSSSDEEGEDGEKKKKEKKKKIVEGDHVKTVEEENQGVMDRIKEKFPLGEKPGGDDVPVVTTMPAPHSVEDHKPEEEEKKGFMDKIKEKLPGHSKKPEDSQVVNTTPLVETATPIADIPEEKKGFMDKIKEKLPGYHAKTTGEEEKKEKVSD,-1.5965756175819417,-3.5287754336601234,15.496245444861497,0.2854956633162442,7.040297919413951,-12.26133296418863,-1.0749526451745752,2.1117671962582674,-3.009469636335425,-3.4726537005213647
