Protein Sequence,Rg (nm),UniRep Embedding
MDVFMKGLSKAKEGVVAAAEKTKQGVAEAAGKTKEGVLYVGSKTKEGVVHGVATVAEKTKEQVTNVGGAVVTGVTAVAQKTVEGAGSIAAATGFVKKDQLGKNEEGAPQEGILEDMPVDPDNEAYEMPSEEGYQDYEPEA,3.55,-16.555755770282786
MQTAPVPMPDLKNVKSKIGSTENLKHQPGGGKVQIINKKLDLSNVQSKAGSKDNIKHVPGGGSVQIVYCPVDLSCVTSKAGSLGNIHHKPGGGQVEVKSEKLDFKDRVQSKIGSLDNITHVPGGGNKKIE,3.5,1.2137135201395786
MGHHHHHHMSSILPFTPPVVKRLLGWKKSAGGSGGAGGGEQNGQEEKWCEKAVKSLVKKLKKTGRLDELEKAITTQNCNTKCVTIPSTCSEIWGLSTPNTIDQWDTTGLYSFSEQTRSLDGRLQVSHRKGLPHVIYCRLWRWPDLHSHHELKAIENCEYAFNLKKDEVCVNPYHYQRVETPVLPPVLVPRHTEILTELPPLDDYTHSIPENTNFPAGIEPQSNYIPETPPPGYISEDGETSDQQLNQSMDTGSPAELSPTTLSPVNHSLDLQPVTYSEPAFWCSIAYYELNQRVGETFHASQPSLTVDGFTDPSNSERFCLGLLSNVNRNATVEMTRRHIGRGVRLYYIGGEVFAECLSDSAIFVQSPNCNQRYGWHPATVCKIPPGCNLKIFNNQEFAALLAQSVNQGFEAVYQLTRMCTIRMSFVKGWGAEYRRQTVTSTPCWIELHLNGPLQWLDKVLTQMGSPSVRCEEME,5.1,0.017155957129475125
GCQTSRGLFGNNNTNNINNSSSGMNNASAGLFGSKPUA,1.6,17.99366508260791
DSHAKRHHGYKRKFHEKHHSHRGY,1.4,31.742267442696424
MQTFSSLLLALGLFSEASAQLAAWPSQSYSPFYQALFGGASTPVLSAPVAKTAPSAIPLAAPALPVPVAAAPFFASPAPVLAAPAPLLAPPAPVFAAPRPVFAAPALAPVAPMAPVLRGPAFAYAPSPVLAPVGVAPVAPAPVFAAPAFAPVAPVLAAPRFVPAYAPFARAAMFIGSNKAKTA,3.87,-27.506043044711426
METSQETSLFLVKILEELDSKQNTVSYQDLCKSLCARFDLSQLAKLRSVLFYTACLDPNFPATLFKDKMKCTVNNQQSKKIMVAADIVTIFNLIQMNGGAAKEKLPTGRQKVRKKEASFESCRSDTEICNAAECEPLNCELSERSFSRGYPIRQSSKCRKMDCKDCPQFVPASEPNFLLGVSKEVKNRAASLDRLQALAPYSVTSPQPCEMQRTYFPMNIENESISDQDSLPINQSIKETFISNEEPFVVQSCVQKRNIFKEDFHNLMAVSPSLVGPISKAENEHREPQSRKEPHKPPFFNHSFEMPYNSQYLNPVYSPVPDKRRAKHESLDDLQASTYFGPTPVMGTQEARRCLGKPNKQTPWPAKSWSLNTEEVPDFERSFFNRNPSEEKLHYPNASSQTPNFPAPERRPTYLVPKDQQPILPIAYAAKQNGLKSKEISSPVDLEKHEPVKKFKDKSINCTSGQLSSDTSSVGTQTEHVLEPKKCRDLCTSGQGKYSDRHTMKHSDDDSEIVSDDISDIFRFLDDMSISGSTGVIQSSCYNSTGSLSQLHKSDCDSSPEHNLTKIANGVPNSKGDKGNRPENTHHSEEELKTSVCKLVLRIGEIERKLESLSGVRDEISQVLGKLNKLDQKMQQPEKVSVQIDLNSLTSEGPSDDSASPRMFHAHSGSHGPKLENNPDWCCSDASGSNSESLRVKALKKSLFTRPSSRSLTEENSATESKIASISNSPRDWRTITYTNRVGLNEEEIKDTGPGDNKDWHRKSKEADRQYDIPPQHRLPKQPKDGFLVEQVFSPHPYPASLKAHMKSNPLYTDMRLTELAEVKRGQPSWTIEEYARNAGDKGKLTALDLQTQESLNPNNLEYWMEDIYTPGYDSLLKRKEAEFRRAKVCKIAALIAAAACTVILVIVVPICTMKS,5.55,-16.082302222621365
MLLILLSVALLALSSAESSSEDVSQEESLFLISGKPEGRRPQGGNQPQRPPPPPGKPQGPPPQGGNQSQGPPPPPGKPEGRPPQGGNQSQGPPPHPGKPERPPPQGGNQSQGPPPHPGKPESRPPQGGHQSQGPPPTPGKPEGPPPQGGNQSQGTPPPPGKPEGRPPQGGNQSQGPPPHPGKPERPPPQGGNQSHRPPPPPGKPERPPPQGGNQSQGPPPHPGKPEGPPPQEGNKSRSARSPPGKPQGPPQQEGNKPQGPPPPGKPQGPPPAGGNPQQPQAPPAGKPQGPPPPPQGGRPPRPAQGQQPPQ,5.54,-34.8214786976248
MSEPAGDVRQNPCGSKACRRLFGPVDSEQLSRDCDALMAGCIQEARERWNFDFVTETPLEGDFAWERVRGLGLPKLYLPTGPRRGRDELGGGRRPGTSPALLQGTAEEDHVDLSLSCTLVPRSGEQAEGSPGGPGDSQGRKRRQTSMTDFYHSKRRLIFSKRKP,3.06,12.594251571205634
IIIFGIFGLTVMLFVFLFSKQQRIKMLILPPVPVPKIKGIDPDLLKEGKLEEVNTILAIHDSYKPEFHSDDSWVEFIELDIDEPDEKTEESDTDRLLSSDHEKSHSNLGVKDGDSGRTSCCEPDILETDFNANDIHEGTSEVAQPQRLKGEADLLCLDQKNQNNSPYHDACPATQQPSVIQAEKNKPQPLPTEGAESTHQAAHIQLSNPSSLSNIDFYAQVSDITPAGSVVLSPGQKNKAGMSQCDMHPEMVSLCQENFLMDNAYFCEADAKKCIPVAPHIKVESHIQPSLNQEDIYITTESLTTAAGRPGTGEHVPGSEMPVPDYTSIHIVQSPQGLILNATALPLPDKE,5.73,-10.205572654483822
AAPEGGISDVVEKSIKEAQETCAGDPVSGECVAAWDEVEELSAAASHARDKKKADGSDPLEEYCKDNPETNECRTYDN,2.3,9.1731331996035
SNAMTMTLHTKASGMALLHQIQGNELEPLNRPQLKIPLERPLGEVYLDSSKPAVYNYPEGAAYEFNAAAAANAQVYGQTGLPYGPGSEAAAFGSNGLGGFPPLNSVSPSPLMLLHPPPQLSPFLQPHGQQVPYYLENEPSGYTVREAGPPAFYRPNSDNRRQGGRERLASTNDKGSMAMESAKETRY,3.2,-4.493385906635361
GCFNKSFGTPFGGGTGGFGTTSTFGQNTGFGTTSGGAFGTSAFGSSNNTGGLFGNSQTKPGGLFGTSSFSQPATSTSTGFGFGTSTGTANTLFGTASTGTSLFSSQNNAFAQNKPTGFGNFGTSTSSGGLFGTTNTTSNPFGSTSGSLFGPUA,2.9,-35.24864965232113
GCPSASPAFGANQTPTFGQSQGASQPNPPGFGSISSSTALFPTGSQPAPPTFGTVSSSSQPPVFGQQPSQSAFGSGTTPNUA,2.5,-10.829276080553912
GCGFKGFDTSSSSSNSAASSSFKFGVSSSSSGPSQTLTSTGNFKFGDQGGFKIGVSSDSGSINPMSEGFKFSKPIGDFKFGVSSESKPEEVKKDSKNDNFKFGLSSGLSNPVUA,3.0,-7.667313613627343
GPPGSMAGGGGSSDGSGRAAGRRASRSSGRARRGRHEPGLGGPAERGAG,1.7,11.445161060956424
GPMPLPVALQTRLAKRGILKHLEPEPEEEIIAEDYDDDPVDYEATRLEGLPPSWYKVFDPSCGLPYYWNADTDLVSWLSPHDPNSVVTKSAKKLRSSNADAEEKLDRSHDKSDRGHDKSDRSHEKLDRGHDKSDRGHDKSDRDRERGYDKVDRERERDRERDRDRGYDKADREEGKERRHHRREELAPYPKSKSSKPKG,3.5,-5.979183387747083
GCPSASPAFGANQTPTFGQSQGASQPNPPGFGSISSSTALFPTGSQPAPPTFGTVSSSSQPPVFGQQPSQSAFGSGTTPNUA,2.5,-10.829276080553912
GCPSASPAFGANQTPTFGQSQGASQPNPPGFGSISSSTALFPTGSQPAPPTFGTVSSSSQPPVFGQQPSQSAFGSGTTPNUA,3.1,-10.829276080553912
MGSNGADNAHNNAFGGGKNPGIGNTSGAGSNGSASSNRGNSNGWSWSNKPHKNDGFHSDGSYHITFHGDNNSKPKPGGNSGNRGNNGDGASSHHHHHH,2.8,-7.870118256040824
MSGGSSCSQTPSRAIPATRRVVLGDGVQLPPGDYSTTPGGTLFSTTPGGTRIIYDRKFLMECRNSPVTKTPPRDLPTIPGVTSPSSDEPPMEASQSHLRNSPEDKRAGGEESQFEMDI,2.34,6.3508704404929075
MSDASLRSTSTMERLVARGTFPVLVRTSACRSLFGPVDHEELSRELQARLAELNAEDQNRWDYDFQQDMPLRGPGRLQWTEVDSDSVPAFYRETVQVGRCRLLLAPRPVAVAVAVSPPLEPAAESLDGLEEAPEQLPSVPVPAPASTPPPVPVLAPAPAPAPAPVAAPVAAPVAVAVLAPAPAPAPAPAPAPAPVAAPAPAPAPAPAPAPAPAPAPDAAPQESAEQGANQGQRGQEPLADQLHSGISGRPAAGTAAASANGAAIKKLSGPLISDFFAKRKRSAPEKSSGDVPAPCPSPSAAPGVGSVEQTPRKRLR,4.22,-9.457937925593852
MSNVRVSNGSPSLERMDARQAEHPKPSACRNLFGPVDHEELTRDLEKHCRDMEEASQRKWNFDFQNHKPLEGKYEWQEVEKGSLPEFYYRPPRPPKGACKVPAQESQDVSGSRPAAPLIGAPANSEDTHLVDPKTDPSDSQTGLAEQCAGIRKRPATDDSSTQNKRANRTEENVSDGSPNAGSVEQTPKKPGLRRRQT,3.62,6.999307726584434
MSESSSKSSQPLASKQEKDGTEKRGRGRPRKQPPVSPGTALVGSQKEPSEVPTPKRPRGRPKGSKNKGAAKTRKTTTTPGRKPRGRPKKLEKEEEEGISQESSEEEQ,4.15,5.703331123625891
MRIAVICFCLLGITCAIPVKQADSGSSEEKQLYNKYPDAVATWLNPDPSQKQNLLAPQNAVSSEETNDFKQETLPSKSNESHDHMDDMDDEDDDDHVDSQDSIDSNDSDDVDDTDDSHQSDESHHSDESDELVTDFPTDLPATEVFTPVVPTVDTYDGRGDSVVYGLRSKSKKFRRPDIQYPDATDEDITSHMESEELNGAYKAIPVAQDLNAPSDWDSRGKDSYETSQLDDQSAETHSHKQSRLYKRKANDESNEHSDVIDSQELSKVSREFHSHEFHSHEDMLVVDPKSKEEDKHLKFRISHELDSASSEVN,5.38,-22.74637405585873
MAEAGAGLSETVTETTVTVTTEPENRSLTIKLRKRKPEKKVEWTSDTVDNEHMGRRSSKCCCIYEKPRAFGESSTESDEEEEEGCGHTHCVRGHRKGRRRATLGPTPTTPPQPPDPSQPPPGPMQH,4.36,9.845900961283368
MDLSALRVEEVQNVINAMQKILECPICLELIKEPVSTKCDHIFCKFCMLKLLNQKKGPSQCPLCKNDITKRSLQESTRFSQLVEELLKIICAFQLDTGLEYANSYNFAKKENNSPEHLKDEVSIIQSMGYRNRAKRLLQSEPENPSLQETSLSVQLSNLGTVRTLRTKQRIQPQKTSVYIELGSDSSEDTVNKATYCSVGDQELLQITPQGTRDEISLDSAKKAACEFSETDVTNTEHHQPSNNDLNTTEKRAAERHPEKYQGSSVSNLHVEPCGTNTHASSLQHENSSLLLTKDRMNVEKAEFCNKSKQPGLARSQHNRWAGSKETCNDRRTPSTEKKVDLNADPLCERKEWNKQKLPCSENPRDTEDVPWITLNSSIQKVNEWFSRSDELLGSDDSHDGESESNAKVADVLDVLNEVDEYSGSSEKIDLLASDPHEALICKSERVHSKSVESNIEDKIFGKTYRKKASLPNLSHVTENLIIGAFVTEPQIIQERPLTNKLKRKRRPTSGLHPEDFIKKADLAVQKTPEMINQGTNQTEQNGQVMNITNSGHENKTKGDSIQNEKNPNPIESLEKESAFKTKAEPISSSISNMELELNIHNSKAPKKNRLRRKSSTRHIHALELVVSRNLSPPNCTELQIDSCSSSEEIKKKKYNQMPVRHSRNLQLMEGKEPATGAKKSNKPNEQTSKRHDSDTFPELKLTNAPGSFTKCSNTSELKEFVNPSLPREEKEEKLETVKVSNNAEDPKDLMLSGERVLQTERSVESSSISLVPGTDYGTQESISLLEVSTLGKAKTEPNKCVSQCAAFENPKGLIHGCSKDNRNDTEGFKYPLGHEVNHSRETSIEMEESELDAQYLQNTFKVSKRQSFAPFSNPGNAEEECATFSAHSGSLKKQSPKVTFECEQKEENQGKNESNIKPVQTVNITAGFPVVGQKDKPVDNAKCSIKGGSRFCLSSQFRGNETGLITPNKHGLLQNPYRIPPLFPIKSFVKTKCKKNLLEENFEEHSMSPEREMGNENIPSTVSTISRNNIRENVFKEASSSNINEVGSSTNEVGSSINEIGSSDENIQAELGRNRGPKLNAMLRLGVLQPEVYKQSLPGSNCKHPEIKKQEYEEVVQTVNTDFSPYLISDNLEQPMGSSHASQVCSETPDDLLDDGEIKEDTSFAENDIKESSAVFSKSVQKGELSRSPSPFTHTHLAQGYRRGAKKLESSEENLSSEDEELPCFQHLLFGKVNNIPSQSTRHSTVATECLSKNTEENLLSLKNSLNDCSNQVILAKASQEHHLSEETKCSASLFSSQCSELEDLTANTNTQDPFLIGSSKQMRHQSESQGVGLSDKELVSDDEERGTGLEENNQEEQSMDSNLGEAASGCESETSVSEDCSLSSQSDILTTQQRDTMQHNLIKLQQEMAELEAVLEQHGSQPSNSYPSIISDSSALEDLRNPEQSTSEKAVLTSQKSSEYPISQNPEGLSADKFEVSADSSTSKNKEPGVERSSPSKCPSLDDRWYMHSCSGSLQNRNYPSQEELIKVVDVEEQQLEESGPHDLTETSYLPRQDLEGTPYLESGISLFSDDPESDPSEDRAPESARVGNIPSSTSALKVPQLKVAESAQSPAAAHTTDTAGYNAMEESVSREKPELTASTERVNKRMSMVVSGLTPEEFMLVYKFARKHHITLTNLITEETTHVVMKTDAEFVCERTLKYFLGIAGGKWVVSYFWVTQSIKERKMLNEHDFEVRGDVVNGRNHQGPKRARESQDRKIFRGLEICCYGPFTNMPTDQLEWMVQLCGASVVKELSSFTLGTGVHPIVVVQPDAWTEDNGFHAIGQMCEAPVVTREWVLDSVALYQCQELDTYLIPQIPHSHY,6.36,-24.395534226289044
MPRRAENWDEAEVGAEEAGVEEYGPEEDGGEESGAEESGPEESGPEELGAEEEMEAGRPRPVLRSVNSREPSQVIFCNRSPRVVLPVWLNFDGEPQPYPTLPPGTGRRIHSYRGHLWLFRDAGTHDGLLVNQTELFVPSLNVDGQPIFANITLPVYTLKERCLQVVRSLVKPENYRRLDIVRSLYEDLEDHPNVQKDLERLTQERIAHQRMGD,2.65,3.9461373065209995
MKTALILLSILGMACAFSMKNLHRRVKIEDSEENGVFKYRPRYYLYKHAYFYPHLKRFPVQGSSDSSEENGDDSSEEEEEEEETSNEGENNEESNEDEDSEAENTTLSATTLGYGEDATPGTGYTGLAAIQLPKKAGDITNKATKEKESDEEEEEEEEGNENEESEAEVDENEQGINGTSTNSTEAENGNGSSGGDNGEEGEEESVTGANAEDTTETGRQGKGTSKTTTSPNGGFEPTTPPQVYRTTSPPFGKTTTVEYEGEYEYTGANEYDNGYEIYESENGEPRGDNYRAYEDEYSYFKGQGYDGYDGQNYYHHQ,5.18,-23.866078637375875
MSDKPDMAEIEKFDKSKLKKTETQEKNPLPSKETIEQEKQAGES,3.28,20.866373645888828
MKAKRSHQAVIMSTSLRVSPSIHGYHFDTASRKKAVGNIFENTDQESLERLFRNSGDKKAEERAKIIFAIDQDVEEKTRALMALKKRTKDKLFQFLKLRKYSIKVH,2.88,14.070425047709127
MATFPPATSAPQQPPGPEDEDSSLDESDLYSLAHSYLGGGGRKGRTKREAAANTNRPSPGGHERKLVTKLQNSERKKRGARR,2.79,14.310712471607777
MATLIYVDKENGEPGTRVVAKDGLKLGSGPSIKALDGRSQVSTPRFGKTFDAPPALPKATRKALGTVNRATEKSVKTKGPLKQKQPSFSAKKMTEKTVKAKSSVPASDDAYPEIEKFFPFNPLDFESFDLPEEHQIAHLPLSGVPLMILDEERELEKLFQLGPPSPVKMPSPPWESNLLQSPSSILSTLDVELPPVCCDIDI,4.21,2.7842447256097986
MPGLVDSNPAPPESQEKKPLKPCCACPETKKARDACIIEKGEEHCGHLIEAHKECMRALGFKI,1.37,11.895014506703609
MATEGDVELELETETSGPERPPEKPRKHDSGAADLERVTDYAEEKEIQSSNLETAMSVIGDRRSREQKAKQEREKELAKVTIKKEDLELIMTEMEISRAAAERSLREHMGNVVEALIALTN,3.88,10.917668600368154
MDVFMKGLSMAKEGVVAAAEKTKQGVTEAAEKTKEGVLYVGSKTREGVVQGVASVAEKTKEQASHLGGAVFSGAGNIAAATGLVKREEFPTDLKPEEVAQEAAEEPLIEPLMEPEGESYEDPPQEEYQEYEPEA,3.45,-15.16878380853143
MACAAARSPADQDRFICIYPAYLNNKKTIAEGRRIPISKAVENPTATEIQDVCSAVGLNVFLEKNKMYSREWNRDVQYRGRVRVQLKQEDGSLCLVQFPSRKSVMLYAAEMIPKLKTRTQKTGGADQSLQQGEGSKKGKGKKKK,2.28,8.825757676388276
MSERQGAGATNGKDKTSGENDGQKKVQEEFDIDMDAPETERAAVAIQSQFRKFQKKKAGSQS,2.02,17.546396832095038
MPLPVALQTRLAKRGILKHLEPEPEEEIIAEDYDDDPVDYEATRLEGLPPSWYKVFDPSCGLPYYWNADTDLVSWLSPHDPNSVVTKSAKKLRSSNADAEEKLDRSHDKSDRGHDKSDRSHEKLDGHDKSDRGHDKSDRDRERGYDKVDRERERDRERDRDRGYDKADREEGKERRHHRREELAPYPKSKKAVSRKDEELDPMDPSSYSDAPRGTWSTGLPKRNEAKTGADTTAAGPLFQQRPYPSPAVLRANAEASRTKQQD,3.7,-7.729190650256746
NNATTVAPSVGITRLINSSTAEPVKEEAKTSNPTSSLTSLSVAPTFSPNITLGPTYLTTVNSSDSDNGTTRTASTNSIGITISPNGTWLPDNQFTDARTEPWEGNSSTAATTPETFPPSDETDIGGLNDIFEAQKIQWHEILNVKSIDYKDDDDKASITLAAARLADPEEPKSCDKTHTCPPCPAPELLGGPSVFLFPPKPKDTLMISRTPEVTCVVVDVSHEDPEVKFNWYVDGVEVHNAKTKPREEQYNSTYRVVSVLTVLHQDWLNGKEYKCKVSNKALPAPIEKTISKAKGQPREPQVYTLPPSRDELTKNQVSLTCLVKGFYPSDIAVEWESNGQPENNYKTTPPVLDSDGSFFLYSKLTVDKSRWQQGNVFSCSVMHEALHNHYTQKSLSLSPGK,8.3,-24.907811153510835
PVERILEAELAVEPKTETYVEANMGLNPSSPNDPVTNICQAADKQLFTLVEWAKRIPHFSELPLDDQVILLRAGWNELLIASFSHRSIAVKDGILLATGLHVHRNSAHSAGVGAIFDRVLTELVSKMRDMQMDKTELGCLRAIVLFNPDSKGLSNPAEVEALREKVYASLEAYCKHKYPEQPGRFAKLLLRLPALRSIGLKCLEHLFFFKLIGDTPIDTFLMEMLEAP,2.5,2.0633368167411117
MGLSFSGTRPCCCRNNVLITDDGEVVSLTAHDFDVVDIESEEEGNFYVPPDMRGVTRAPGRQRLRSSDPPSRHTHRRTPGGACPATQFPPPMSDSEWSHPQFEK,2.4,10.570992851274765
AAQKRPSQRSKYLASASTMDHARHGFLPRHRDTGILDSLGRFFGSDRGAPKRGSGKDGHHAARTTHYGSLPQKAQGHRPQDENPVVHFFKNIVTPRTPPPSQGKGRGLSLSRFSWGAEGQKPGFGYGGRASDYKSAHKGLKGHDAQGTLSKIFKLGGRDSRSGSPMARR,3.3,3.3210615596402993
MDVFKKGFSIAKEGVVGAVEKTKQGVTEAAEKTKEGVMYVGAKTKENVVQSVTSVAEKTKEQANAVSEAVVSSVNTVATKTVEEAENIAVTSGVVRKEDLRPSAPQQEGEASKEKEEVAEEAQSGGD,4.49,-14.33008067281903
MTMGDKKSPTRPKRQAKPAADEGFWDCSVCTFRNSAEAFKCSICDVRKGTSTRKPRINSQLVAQQVAQQYATPPPPKKEKKEKVEKQDKEKPEKDKEISPSVTKKNTNKKTKPKSDILKDPPSEANSIQSANATTKTSETNHTSRPRLKNVDRSTAQQLAVTVGNVTVIITDFKEKTRSSSTSSSTVTSSAGSEQQNQSSSGSESTDKGSSRSSTPKGDMSAVNDESF,4.23,-9.171222329895238
MGGKLSKKKKGYNVNDEKAKEKDKKAEGAATEEEGTPKESEPQAAAEPAEAKEGKEKPDQDAEGKAEEKEGEKDAAAAKEEAPKAEPEKTEGAAEAKAEPPKAPEQEQAAPGPAAGGEAPKAAEAAAAPAESAAPAAGEEPSKEEGEPKKTEAPAAPAAQETKSDGAPASDSKPGSSEAAPSSKETPAATEAPSSTPKAQGPAASAEEPKPVEAPAANSDQTVTVKE,4.65,-19.548118992756326
MLCCMRRTKQVEKNDDDQKIEQDGIKPEDKAHKAATKIQASFRGHITRKKLKGEKKDDVQAAEAEANKKDEAPVADGVEKKGEGTTTAEAAPATGSKPDEPGKAGETPSEEKKGEGDAATEQAAPQAPASSEEKAGSAETESATKASTDNSPSSKAEDAPAKEEPKQADVPAAVTAAAATTPAAEDAAAKATAQPPTETGESSQAEENIEAVDETKPKESARQDEGKEEEPEADQEHA,4.3,-12.002597432874635
MMDLELPPPGLPSQQDMDLIDILWRQDIDLGVSREVFDFSQRRKEYELEKQKKLEKERQEQLQKEQEKAFFAQLQLDEETGEFLPIQPAQHIQSETSGSANYSQVAHIPKSDALYFDDCMQLLAQTFPFVDDNEVSSATFQSLVPDIPGHIESPVFIATNQAQSPETSVAQVAPVDLDGMQQDIEQVWEELLSIPELQCLNIENDKLVETTMVPSPEAKLTEVDNYHFYSSIPSMEKEVGNCSPHFLNAFEDSFSSILSTEDPNQLTVNSLNSDATVNTDFGDEFYSAFIAEPSISNSMPSPATLSHSLSELLNGPIDVSDLSLCKAFNQNHPESTAEFNDSDSGISLNTSPSVASPEHSVESSSYGDTLLGLSDSEVEELDSAPGSVKQNGPKTPVHSSGDMVQPLSPSQGQSTHVHDAQCENTPEKELPVSPGHRKTPFTKDKHSSRLEAHLTRDELRAKALHIPFPVEKIINLPVVDFNEMMSKEQFNEAQLALIRDIRRRGKNKVAAQNCRKRKLENIVELEQDLDHLKDEKEKLLKEKGENDKSLHLLKKQLSTLYLEVFSMLRDEDGKPYSPSEYSLQQTRDGNVFLVPKSKKPDVKKN,4.58,-14.616330916633315
MEAPAERALPRLQALARPPPPISYEEELYDCLDYYYLRDFPACGAGRSKGRTRREQALRTNWPAPGGHERKVAQKLLNGQRKRRQRQLHPKMRTRLT,2.26,16.793241484550013
MADAGIRRVVPSDLYPLVLGFLRDNQLSEVANKFAKATGATQQDANASSLLDIYSFWLKSAKVPERKLQANGPVAKKAKKKASSSDSEDSSEEEEEVQGPPAKKAAVPAKRVGLPPGKAAAKASESSSSEESSDDDDEEDQKKQPVQKGVKPQAKAAKAPPKKAKSSDSDSDSSSEDEPPKNQKPKITPVTVKAQTKAPPKPARAAPKIANGKAASSSSSSSSSSSSDDSEEEKAAATPKKTVPKKQVVAKAPVKAATTPTRKSSSSEDSSSDEEEEQKKPMKNKPGPYSSVPPPSAPPPKKSLGTQPPKKAVEKQQPVESSEDSSDESDSSSEEEKKPPTKAVVSKATTKPPPAKKAAESSSDSSDSDSSEDDEAPSKPAGTTKNSSNKPAVTTKSPAVKPAAAPKQPVGGGQKLLTRKADSSSSEEESSSSEEEKTKKMVATTKPKATAKAALSLPAKQAPQGSRDSSSDSDSSSSEEEEEKTSKSAVKKKPQKVAGGAAPSKPASAKKGKAESSNSSSSDDSSEEEEEKLKGKGSPRPQAPKANGTSALTAQNGKAAKNSEEEEEEKKKAAVVVSKSGSLKKRKQNEAAKEAETPQAKKIKLQTPNTFPKRKKGEKRASSPFRRVREEEIEVDSRVADNSFDAKRGAAGDWGERANQVLKFTKGKSFRHEKTKKKRGSYRGGSISVQVNSIKFDSE,5.65,-25.516090498889625
MAPGQAPHQATPWRDAHPFFLLSPVMGLLSRAWSRLRGLGPLEPWLVEAVKGAALVEAGLEGEARTPLAIPHTPWGRRPEEEAEDSGGPGEDRETLGLKTSSSLPEAWGLLDDDDGMYGEREATSVPRGQGSQFADGQRAPLSPSLLIRTLQGSDKNPGEEKAEEEGVAEEEGVNKFSYPPSHRECCPAVEEEDDEEAVKKEAHRTSTSALSPGSKPSTWVSCPGEEENQATEDKRTERSKGARKTSVSPRSSGSDPRSWEYRSGEASEEKEEKAHKETGKGEAAPGPQSSAPAQRPQLKSWWCQPSDEEEGEVKALGAAEKDGEAECPPCIPPPSAFLKAWVYWPGEDTEEEEDEEEDEDSDSGSDEEEGEAEASSSTPATGVFLKSWVYQPGEDTEEEEDEDSDTGSAEDEREAETSASTPPASAFLKAWVYRPGEDTEEEEDEDVDSEDKEDDSEAALGEAESDPHPSHPDQRAHFRGWGYRPGKETEEEEAAEDWGEAEPCPFRVAIYVPGEKPPPPWAPPRLPLRLQRRLKRPETPTHDPDPETPLKARKVRFSEKVTVHFLAVWAGPAQAARQGPWEQLARDRSRFARRITQAQEELSPCLTPAARARAWARLRNPPLAPIPALTQTLPSSSVPSSPVQTTPLSQAVATPSRSSAAAAAALDLSGRRG,5.03,-6.983347903829476
MSSSAGSGHQPSQSRAIPTRTVAISDAAQLPHDYCTTPGGTLFSTTPGGTRIIYDRKFLLDRRNSPMAQTPPCHLPNIPGVTSPGTLIEDSKVEVNNLNNLNNHDRKHAVGDDAQFEMDI,2.69,8.756087115169395
MPLPVALQTRLAKRGILKHLEPEPEEEIIAEDYDDDPVDYEATRLEGLPPSWYKVFDPSCGLPYYWNADTDLVSWLSPHDPNSVVTKSAKKLRSSNADAEEKLDRSHDKSDRGHDKSDRSHEKLDRGHDKSDRGHDKSDRDRERGYDKVDRERERDRERDRDRGYDKADREEGKERRHHRREELAPYPKSKKAVSRKDEELDPMDPSSYSDAPRGTWSTGLPKRNEAKTGADTTAAGPLFQQRPYPSPGAVLRANAEASRTKQQD,3.74,-8.056297382660313
MVRTKADSVPGTYRKVVAARAPRKVLGSSTSATNSTSVSSRKAENKYAGGNPVCVRPTPKWQKGIGEFFRLSPKDSEKENQIPEEAGSSGLGKAKRKACPLQPDHTNDEKE,3.93,13.135905765285006
MSDAAVDTSSEITTKDLKEKKEVVEEAENGRDAPANGNAENEENGEQEADNEVDEEEEEGGEEEEEEEEGDGEEEDGDEDEEAESATGKRAAEDDEDDDVDTKKQKTDEDD,3.28,5.820220637866692
MSARGEGAGQPSTSAQGQPAAPAPQKRGRGRPRKQQQEPTGEPSPKRPRGRPKGSKNKSPSKAAQKKAEATGEKRPRGRPRKWPQQVVQKKPAQEETEETSSQESAEED,4.78,0.043363584692949125
MESSAKMESGGAGQQPQPQPQQPFLPPAACFFATAAAAAAAAAAAAAQSAQQQQQQQQQQQQAPQLRPAADGQPSGGGHKSAPKQVKRQRSSSPELMRCKRRLNFSGFGYSLPQQQPAAVARRNERERNRVKLVNLGFATLREHVPNGAANKKMSKVETLRSAVEYIRALQQLLDEHDAVSAAFQAGVLSPTISPNYSNDLNSMAGSPVSSYSSDEGSYDPLSPEEQELLDFTNWF,3.98,-4.834262703611648
MRLLILTCLVAVALARPKLPLRYPERLQNPSESSEPIPLESREEYMNGMNRQRNILREKQTDEIKDTRNESTQNCVVAEPEKMESSISSSSEEMSLSKCAEQFCRLNEYNQLQLQAAHAQEQIRRMNENSHVQVPFQQLNQLAAYPYAVWYYPQIMQYVPFPPFSDISNPTAHENYEKNNVMLQW,3.65,-13.223332907886249
MQQRGLAIVALAVCAALHASEAILPIASSCCTEVSHHISRRLLERVNMCRIQRADGDCDLAAVILHVKRRRICVSPHNHTVKQWMKVQAAKKNGKGNVCHRKKHHGKRNSNRAHQGKHETYGHKTPY,1.79,-3.5686989927320587
MAPRGFSCLLLLTSEIDLPVKRRA,1.19,32.18821863565335
MLGPHLPPPPLAPSEGRPTPCAFQIPDGSYRCLALEAEESSGEEGLQGEVGPTDLEEDEGVSRSGDDSACRVTQGTPQLPKALGIQPPSCSREEQGASQHDDRASQDWDVVKAGQMMTASPSPGPGPRVAQKPALGRSTSLTEKDLKEAKARSQQIAAQLTTPPSSNSRGVQLFNRRRQRVNEFTLESHGQRGQKPSQESLRVLPSSLPGHAPGLSLSSTSLPEPGPPRHPSPQSPDRGVPGHSMEGYSEEASLLRHLEKVASEEEEVPLVVYLKENAALLTANGLHLSQNREAQQSSPAPPPAEVHSPAADVNQNLASPSATLTTPTSNSSHNPPATDVNQNPPATVVPQSLPLSSIQQNSSEAQLPSNGTGPASKPSTLCADGQPQAPAEEVRCSTLLIDKVSTPATTTSTFSREATLIPSSRPPASDFMSSSLLIDIQPNTLVVSADQEMSGRAAATTPTKVYSEVHFTLAKPPSVVNRTARPFGIQAPGGTSQMERSPMLERRHFGEKAPAPQPPSLPDRSPRPQRHIMSRSPMVERRMMGQRSPASERRPLGNFTAPPTYTETLSTAPLASWVRSPPSYSVLYPSSDPKSSHLKGQAVPASKTGILEESMARRGSRKSMFTFVEKPKVTPNPDLLDLVQTADEKRRQRDQGEVGVEEEPFALGAEASNFQQEPAPRDRASPAAAEEVVPEWASCLKSPRIQAKPKPKPNQNLSEASGKGAELYARRQSRMEKYVIESSSHTPELARCPSPTMSLPSSWKYPTNAPGAFRVASRSPARTPPASLYHGYLPENGVLRPEPTKQPPYQLRPSLFVLSPIKEPAKVSPRAASPAKPSSLDLVPNLPKGALPPSPALPRPSRSSPGLYTSPGQDSLQPTAVSPPYGGDISPVSPSRAWSPRAKQAPRPSFSTRNAGIEAQVWKPSFCFK,5.67,-20.371137271054344
METVQELIPLAKEMMAQKRKGKMVKLYVLGSVLALFGVVLGLMETVCSPFTAARRLRDQEAAVAELQAALERQALQKQALQEKGKQQDTVLGGRALSNRQHAS,4.07,2.986133904481278
MASNEDFSITQDLEIPADIVELHDINVEPLPMEDIPTESVQYEDVDGNWIYGGHNHPPLMVLQPLFTNTGYGDHDQEMLMLQTQEEVVGYCDSDNQLGNDLEDQLALPDSIEDEHFQMTLASLSASAASTSTSTQSRSKKPSKKPSGKSATSTEANPAGSSSSLGTRKWEQKQMQVKTLEGEFSVTMWSPNDNNDQGAVGEGQAENPPDYSEYLKGKKLPPGGLPGIDLSDPKQLAEFTKVKPKRSKGEPPKTVPCSYSGCEKMFRDYAAMRKHLHIHGPRVHVCAECGKAFLESSKLRRHQLVHTGEKPFQCTFEGCGKRFSLDFNLRTHLRIHTGDKPFVCPFDVCNRKFAQSTNLKTHILTHVKTKNNP,3.54,-4.39398377014882
MSAEVPEAASAEEQKEMEDKVTSPEKAEEAKLKARYPHLGQKPGGSDFLRKRLQKGQKYFDSGDYNMAKAKMKNKQLPTAAPDKTEVTGDHIPTPQDLPQRKPSLVASKLAG,2.81,7.5564201819165815
MSSPPEGKLETKAGHPPAVKAGGMRIVQKHPHTGDTKEEKDKDDQEWESPSPPKPTVFISGVIARGDKDFPPAAAQVAHQKPHASMDKHPSPRTQHIQQPRK,2.89,9.61742191928518
MPLSGTPAPNKKRKSSKLIMELTGGGQESSGLNLGKKISVPRDVMLEELSLLTNRGSKMFKLRQMRVEKFIYENHPDVFSDSSMDHFQKFLPTVGGQLGTAGQGFSYSKSNGRGGSQAGGSGSAGQYGSDQQHHLGSGSGAGGTGGPAGQAGRGGAAGTAGVGETGSGDQAGGEGKHITVFKTYISPWERAMGVDPQQKMELGIDLLAYGAKAELPKYKSFNRTAMPYGGYEKASKRMTFQMPKFDLGPLLSEPLVLYNQNLSNRPSFNRTPIPWLSSGEPVDYNVDIGIPLDGETEEL,4.15,-0.5229891357758607
MEPPEGAGTGEIVKEAEVPQAALGVPAQGTGDNGHTPVEEEVGGIPVPAPGLLQVTERRQPLSSVSSLEVHFDLLDLTELTDMSDQELAEVFADSDDENLNTESPAGLHPLPRAGYLRSPSWTRTRAEQSHEKQPLGDPERQATVLDTFLTVERPQED,3.99,7.58783735090379
MAKVTSEPQKPNEDVDEQTPSTSSTKGRKKGKTPRQRRSRSGVKGLKTTRKAKRPLRGSSSQKAGETNTPAGKPKKARGPILRGRYHRLKEKMKKEEADKEQSETSVL,4.1,12.441810892865755
MSAALLRRGLELLAASEAPRDPPGQAKPRGAPVKRPRKTKAIQAQKLRNSAKGKVPKSALDEYRKRECRDHLRVNLKFLTRTRSTVAESVSQQILRQNRGRKACDRPVAKTKKKKAEGTVFTEEDFQKFQQEYFGS,3.41,13.017988353138827
GSMTDETAHPTQSASKQESAALKQTGDDQQESQQQRGYTNYNNGSNYTQKKPYNSNRPHQQRGGKFGPNRYNNRGNYNGGGSFRGGHMGANSSNVPWTGYYNNYPVYYQPQQMAAAGSAPANPIPVEEKSPVPTKIEITTKSGEHLDLKEQHKAKLQSQERSTVSPQPESKLKETSDSTSTSTPTPTPSTNDSKASSEENISEAEKTRRNFIEQVKLRKAALEKKRKEQLEGSSGNNNIPMKTTPENVEEK,5.2,-15.114169129914867
ADPEDPRDAGDVLGDDSFPLSSLANLFEVEDTPSPAEPSRGPPGAVDGKQNLRMKFHGAFRKGPPKPMELLESTIYESSVVPAPKKAPMDSLFDYGTYRQHPSENKRWRRRVVEKPVAGTKGPAPNPPPILKV,3.2,7.925933503590274
ERQQDRRKPRQNNRRDRNERRDTRSERTEGSDNREENRRNRRQAQQQTAETRESRQQAEVTEKARTADEQQAPRRERSRRRNDDKRQAQQEAKALNVEEQSVQETEQEERVRPVQPRRKQRQLNQKVRYEQSVAEEAVVAPVVEETVAAEPIVQEAPAPRTELVKVPLPVVAQTAPEQQEENNADNRDNGGMPRRSRRSPRHLRVSGQRRRRYRDERYPTQSPMPLTVACASPELASGKVWIRYPIVRHHHHHH,5.3,-18.491506199409866
GSMSHFEPPTLHELYDLDVTAPEDPNEEAVSQIFPDSVMLAVQEGIDLLTFPPAPGSPEPPHLSRQPEQPEQRALGPVSMPNLVPEVIDLYCYEQLNPPSDDEDEEGEEFVLDY,4.0,9.144134915761734
MSYYHHHHHHLESTSLYKKAGSTPTEEPPVIPEYYYGSGRRGDLSKSPPRGNVNLDSIKIYTSDDEDENQLEYEDEFAKSSSEVVIDTTPEDNDSINQEEVVGDPSDQGLEHPFPLGKFPEKEETPDVRRKDS,3.7,-1.0491825960704575
SASSSPSPSTPTKSGKMRSRSSSPVRPKAYTPSPRSPNYHRFALDSPPQSPRRSSNSSITKKGSRRSSGSSPTRHTTRVCV,2.85,1.4444448342305738
DSHAKRHHGYKRKFHEKHHSHRGY,1.4,31.742267442696424
GCTNENANTPAARLHRFKNKGKDSTEMRRRRIEVNVELRKAKKDDQMLKRRNVSSFPDDATSPLQENRNNQGTVNWSVDDIVKGINSSNVENQLQATUA,3.2,15.605311547561737
GSSHHHHHHSSGLVPRGSHMQIVATNLPPEDQDGSGDDSDNFSGSGAGALQDITLSQQTPSTWKDTQLLTAIPTSPEPTGLEATAASTSTLPAGEGPKEGEAVVLPEVEPGLTAREQEATPRPRETTQLPTTHLASTTTATTAQEPATSHPHRDMQPGHHETSTPAGPSQADLHTPHTEDGGPSATERAAEDGASSQLPAAEGSGEQDFTFETSGENTAVVAVEPDRRNQSPVDQGATGASQGLLDRKEVLGDYKDDDDK,5.3,-14.497306968519077
GSSHHHHHHSSGLVPRGSHMESRAELTSDKDMYLDNSSIEEASGVYPIDDDDYASASGSGADEDVESPELTTSRPLPKILLTSAAPKVETTTLNIQNKIPAQTKSPEETDKEKVHLSDSERKMDPAEEDTNVYTEKHSDSLFKRTEDYKDDDDK,4.3,-5.3185208823400085
MGSSHHHHHHSSGLVPRGSMAQRWRSENFERPVDLEGSGDDDSFPDDELDDLYSGSGSGYFEQESGIETAMETRFSPDVALAVSTTPAVLPTTNIQPVGTPFEELPSERPTLEPATSPLVVTEVPEEPSQRATTVSTTMETATTAATSTGDPTVATVPATVATATPSTPAAPPFTATTAVIRTTGVRRLLPLPLTTVATARATTPEAPSPPTTAAVLDTEAPTPRLVSTATSRPRALPRPATTQEPDIPERSTLPLGTTAPGPTEVAQTPTPETFLTTIRDEPEVPVSGGPSGDFELPEEETTQPDTANEVVAVGGAAAKASSPPGTLPKGARPGPGLLDNAIDSGSSAAQLPQKSILERKEVLVDYKDDDDK,6.5,-18.83643718318253
GSSHHHHHHSSGLVPRGSHMESIRETEVIDPQDLLEGRYFSGALPDDEDVVGPGQESDDFELSGSGDLDDLEDSMIGPEVVHPLVPLDNHIPERAGSGSQVPTEPKKLEENEVIPKRISPVEESEDVSNKVSMSSTVQGSNIFERTEVLAGCPEHDYKDDDDK,4.2,-5.972506944771564
GKGDPKKPRGKMSSYAFFVQTCREEHKKKHPDASVNFSEFSKKCSERWKTMSAKEKGKFEDMAKADKARYEREMKTYIPPKGETKKKFKDPNAPKRPPSAFFLFCSEYRPKIKGEHPGLSIGDVAKKLGEMWNNTAADDKQPYEKKAAKLKEKYEKDIAAYRAKGKPDAAKKGVVKAEKSKKKKEEEEDEEDEEDEEEEEDEEDEDEEEDDDDD,2.6,2.4660389665030595
GAMSNAPSSMMVKDEYVHDFEGQPSLSTEGHSIQTIQHPPSNRASTETYSTPALLAPSESNATSTANFPNIPVASTSQPASILGGSHSEGLLQIASGPQPGQQQNGFTGQPATYHHNSTTTWTGSRTAPYTPNLPHHQNGHLQHHPPMPPHPGHYWPVHNELAFQPPISNHPAPEYWCSIAYFEMDVQVGETFKVPSSCPIVTVDGYVDPSGGDRFCLGQLSNVHRTEAIERARLHIGKGVQLECKGEGDVWVRCLSDHAVFVQSYYLDREAGRAPGDAVHKIYPSAYIKVFDLRQCHRQMQQQAATAQAAAAAQAAAVAGNIPGPGSVGGIAPAISLSAAAGIGVDDLRRLCILRMSFVKGWGPDYPRQSIKETPCWIEIHLHRALQLLDEVLHTMPIADPQPLD,3.3,-12.535735325558058
SAYSGLQSSSYLMSARSFPA,1.2,32.96595620721349
ATKAEEAKDEPPSEGEA,1.1,38.317151006861366
SEEEEKKEESAGEEQV,1.2,41.09577781638653
MLEHVQHIIGGAGNDSITGNAHDNFLAGGSGDDRLDGGAGNDTLVGGEGQNTVIGGAGDDVFLQDLGVWSNQLDGGAGVDTVKYNVHQPSEERLERMGDTGIHADLQKGTVEKWPALNLFSVDHVKNIENLHGSRLNDRIAGDDQDNELWGHDGNDTIRGRGGDDILRGGLGLDTLYGEDGNDIFLQDDETVSDDIDGGAGLDTVDYSAMIHPGRIVAPHEYGFGIEADLSREWVRKASALGVDYYDNVRNVENVIGTSMKDVLIGDAQANTLMGQGGDDTVRGGDGDDLLFGGDGNDMLYGDAGNDTLYGGLGDDTLEGGAGNDWFGQTQAREHDVLRGGDGVDTVDYSQTGAHAGIAAGRIGLGILADLGAGRVDKLGEAGSSAYDTVSGIENVVGTELADRITGDAQANVLRGAGGADVLAGGEGDDVLLGGDGDDQLSGDAGRDRLYGEAGDDWFFQDAANAGNLLDGGDGRDTVDFSGPGRGLDAGAKGVFLSLGKGFASLMDEPETSNVLRNIENAVGSARDDVLIGDAGANVLNGLAGNDVLSGGAGDDVLLGDEGSDLLSGDAGNDDLFGGQGDDTYLFGVGYGHDTIYESGGGHDTIRINAGADQLWFARQGNDLEIRILGTDDALTVHDWYRDADHRVEIIHAANQAVDQAGIEKLVEAMAQYPDPGAAAAAPPAARVPDTLMQSLAVNWR,4.4,-42.29587942577914
MLEHVQHIIGGAGNDSITGNAHDNFLAGGSGDDRLDGGAGNDTLVGGEGQNTVIGGAGDDVFLQDLGVWSNQLDGGAGVDTVKYNVHQPSEERLERMGDTGIHADLQKGTVEKWPALNLFSVDHVKNIENLHGSRLNDRIAGDDQDNELWGHDGNDTIRGRGGDDILRGGLGLDTLYGEDGNDIFLQDDETVSDDIDGGAGLDTVDYSAMIHPGRIVAPHEYGFGIEADLSREWVRKASALGVDYYDNVRNVENVIGTSMKDVLIGDAQANTLMGQGGDDTVRGGDGDDLLFGGDGNDMLYGDAGNDTLYGGLGDDTLEGGAGNDWFGQTQAREHDVLRGGDGVDTVDYSQTGAHAGIAAGRIGLGILADLGAGRVDKLGEAGSSAYDTVSGIENVVGTELADRITGDAQANVLRGAGGADVLAGGEGDDVLLGGDGDDQLSGDAGRDRLYGEAGDDWFFQDAANAGNLLDGGDGRDTVDFSGPGRGLDAGAKGVFLSLGKGFASLMDEPETSNVLRNIENAVGSARDDVLIGDAGANVLNGLAGNDVLSGGAGDDVLLGDEGSDLLSGDAGNDDLFGGQGDDTYLFGVGYGHDTIYESGGGHDTIRINAGADQLWFARQGNDLEIRILGTDDALTVHDWYRDADHRVEIIHAANQAVDQAGIEKLVEAMAQYPDPGAAAAAPPAARVPDTLMQSLAVNWR,8.3,-42.29587942577914
MPKRKVSSAEGAAKEEPKRRSARLSAKPPAKVEAKPKKAAAKDKSSDKKVQTKGKRGAKGKQAEVANQETKEDLPAENGETKTEESPASDEAGEKEAKSD,3.89,1.996436801764946
MQHPPCEPGNCLSLKEKKITEGSGGVCWGGETDASNPAPALTACCAAEREANVEQGLAGRLLLCNYERRVVRRCKIAGRGRAPLGTRPLDVSSFKLKEEGRPPCLKINK,2.64,11.311103353828791
MEPGTGGSRKRLGPRAGFRFWPPFFPRRSQAGSSKFPTPLGPENSGNPTLLSSAQPETRVSYWTKLLSQLLAPLPGLLQKVLIWSQLFGGMFPTRWLDFAGVYSALRALKGREKPAAPTAQKSLSSLQLDSSDPSVTSPLDWLEEGIHWQYSPPDLKLELKAKGSALDPAAQAFLLEQQLWGVELLPSSLQSRLYSNRELGSSPSGPLNIQRIDNFSVVSYLLNPSYLDCFPRLEVSYQNSDGNSEVVGFQTLTPESSCLREDHCHPQPLSAELIPASWQGCPPLSTEGLPEIHHLRMKRLEFLQQASKGQDLPTPDQDNGYHSLEEEHSLLRMDPKHCRDNPTQFVPAAGDIPGNTQESTEEKIELLTTEVPLALEEESPSEGCPSSEIPMEKEPGEGRISVVDYSYLEGDLPISARPACSNKLIDYILGGASSDLETSSDPEGEDWDEEAEDDGFDSDSSLSDSDLEQDPEGLHLWNSFCSVDPYNPQNFTATIQTAARIVPEEPSDSEKDLSGKSDLENSSQSGSLPETPEHSSGEEDDWESSADEAESLKLWNSFCNSDDPYNPLNFKAPFQTSGENEKGCRDSKTPSESIVAISECHTLLSCKVQLLGSQESECPDSVQRDVLSGGRHTHVKRKKVTFLEEVTEYYISGDEDRKGPWEEFARDGCRFQKRIQETEDAIGYCLTFEHRERMFNRLQGTCFKGLNVLKQC,4.91,-3.1129683602602176
MEPYTDSNVPEGDSVPEAHWTKLQHSLDTALRRARSAPTAPIAARVTGQTRNITVDPRLFKKRRLHSPRVLFSTQPPPTSSDTLDLDFQAHGTIPFNRTHRSKRSSTHPVFHMGEFSVCDSVSVWVGDKTTATDIKGKEVTVLAEVNINNSVFRQYFFETKCRASNPVESGCRGIDSKHWNSYCTTTHTFVKALTTDEKQAAWRFIRIDTACVCVLSRKATR,2.6,10.100963631168293
GEFNTIQQLMMILNSASDQPSENLISYFNNCTVNPKESILKRVKDIGYIFKEKFAKAVGQGCVEIGSQRYKLGVRLYYRVMESMLKSEEERLSIQNFSKLLNDNIFHMSLLACALEVVMATYSRSTSQNLDSGTDLSFPWILNVLNLKAFDFYKVIESFIKAEGNLTREMIKHLERCEHRIMESLAWLSDSPLFDLIKQSKLVPRGSKSTSLSLFYKKVYRLAYLRLNTLCERLLSEHPELEHIIWTLFQHTLQNEYELMRDRHLDQIMMCSMYGICKVKNIDLKFKIIVTAYKDLPHAVQETFKRVLIKEEEYDSIIVFYNSVFMQRLKTNILQYASTRPPTLSPIPHIPR,2.4,-0.7723801035525196
MADERKDEGKAPHWTSASLTEAAAHPHSPEMKDQGGSGEGLSRSANGFPYREEEEGAFGEHGSQGTYSDTKENGINGELTSADRETAEEVSARIVQVVTAEAVAVLKGEQEKEAQHKDQPAALPLAAEETVNLPPSPPPSPASEQTAALEEATSGESAQAPSAFKQAKDKVTDGITKSPEKRSSLPRPSSILPPRRGVSGDREENSFSLNSSISSARRTTRSEPIRRAGKSGTSTPTTPGSTAITPGTPPSYSSRTPGTPGTPSYPRTPGTPKSGILVPSEKKVAIIRTPPKSPATPKQLRLINQPLPDLKNVKSKIGSTDNIKYQPKGGQVQIVTKKIDLSHVTSKCGSLKNIRHRPGGGRVKIESVKLDFKEKAQAKVGSLDNAHHVPGGGNVKIDSQKLNFREHAKARVDHGAEIITQSPSRSSVASPRRLSNVSSSGSINLLESPQLATLAEDVTAALAKQGL,8.3,-18.56775155020883
HGHVNYFNDGAEKFEGYDVTKLPYQNPAPDVYGWANGATDNGFVAPSAYTGADIICHRDSKNAALTAKVAAGDKLQIFWDTWPESHKGPVIDYLASCGDDCSTVDKTSLEFFKIQEAGLTSGSWASDELIAKNFSWEVTIPTSLKPGKYVWRHEIIALHSAGQEDGAQNYPQCLNIEVTGSGSELPAGTKGTSLYTPTDAGILVSIYNNLDSYEIPGPKLPAAFGGSGSGSGSSAAPAPTSTAAPVASAPAVTSAPAAATTTAAAEAAVTSAPASAQQPAPTGGATAPTCEEKRRRRLARRMARQHARDVVRRV,6.4,-25.710970144911247
EKEEGEEEEGAEEEEAAKDE,1.2,35.157554694685324
SEDTKEEEEGGEGEEEDTKE,1.2,35.025059810196964
MAHHHHHHVDDDDKIMPLSGTPAPNKKRKSSKLIMELTGGGQESSGLNLGKKISVPRDVMLEELSLLTNRGSKMFKLRQMRVEKFIYENHPDVFSDSSMDHFQKFLPTVGGQLGTAGQGFSYSKSNGRGGSQAGGSGSAGQYGSDQQHHLGSGSGAGGTGGPAGQAGRGGAAGTAGVGETGSGDQAGGEAE,3.5,1.2821388913019527
ERADGQSRLHDSKGQTKLLQLLTTKSDQMEPSPLASSLSDTNKDSTGSLPGSGSTHGTSLKEKHKILHRLLQDSSSPVDLAKLTAEATGKDLSQESSSTAPGSEVTIKQEPVSPKKKENALLRYLLDKDDTKDIGLPEITPKLERLDSKT,3.7,5.418438844477972
MSARVRSRSRGRGDGQEAPDVVAFVAPGESQQEEPPTDNQDIEPGQEREGTPPIEERKVEGDCQEMDLEKTRSERGDGSDVKEKTPPNPKHAKTKEAGDGQP,3.26,11.028573318958177
GSMTPSTPPRSRGTRYLAQPSGNTSSSALMQGQKTPQKPSQNLVPVTPSTTKSFKNAPLLAPPNSNMGMTPFNGLTPQRPFPKSSVKRT,2.936,2.8979229768857913
GAQTRSLNMLGRKTCLGRRVVQPGMFADYPPTKKARVLLRRMSNYHHHHHH,2.1,18.45295790447154
GAQTRNIHLLGRKTCLGRRVVQPGMFEDHPPTKKARVSMRRMSNYHHHHHH,2.1,17.583161624675995
MSEYIRVTEDENDEPIEIPSEDDGTVLLSTVTAQFPGACGLRYRNPVSQCMRGVRLVEGILHAPDAGWGNLVYVVNYPKDNKRKMDETDASSAVKVKRAVQKTSDLIVLGLPWKTTEQDLKEYFSTFGEVLMVQVKKDLKTGHSKGFGFVRFTEYETQVKVMSQRHMIDGRWCDCKLPNSKQSQDEPLRSRKVFVGRCTEDMTEDELREFFSQYGDVMDVFIPKPFRAFAFVTFADDQIAQSLCGEDLIIKGISVHISNAEPKHNSNRQLERSGRFGGNPGGFGNQGGFGNSRGGGAGLGNNQGSNMGGGMNFGAFSINPAMMAAAQAALQSSWGMMGMLASQQNQSGPSGNNQNQGNMQREPNQAFGSGNNSYSGSNSGAAIGWGSASNAGSGSGFNGGFGSSMDSKSSGWGM,4.1,-11.9156145929699
MDAQTRRRERRAEKQAQWKAANPLLVGVSAKPVNRPILSLNRKPKSRVESALNPIDLTVLAEYHKQIESNLQRIERKNQRTWYSKPGERGITCSGRQKIKGKSIPLI,3.8,13.920915127170359
GYGGKFGVEQDRMDRSAVGHEYQSKLSKHCSQVDSVRGFGGKFGVQMDRVDQSAVGFEYQGKTEKHASQKDYSSGFGGKYGVQADRVDKSAVGFDYQGKTEKHESQKDYSKGFGGKYGIDKDKVDKSAVGFEYQGKTEKHESQKDYVKGFGGKFGVQTDRQDKCALGWDHQEKLQLHESQKDYKTGFGGKFGVQSERQDSSAVGFDYKERLAKHESQQDYAKGFGGKYGVQKDRMDKNASTF,4.75,-26.330869384907032
GSMEAGRPRPVLRSVNSREPSQVIFCNRSPRVVLPVWLNFDGEPQPYPTLPPGTGRRIHSYRGHLWLFRDAGTHDGLLVNQTELFVPSLNVDGQPIFANITLPVYTLKERCLQVVRSLVKPENYRRLDIVRSLYEDLEDHPNVQKDLERLTQERIAHQRMGD,3.2,6.751008704190004
AGGHSYGADLKSFDLGDELGTDPYEDFQENWNTKHSSGVTRELMRELNGG,1.1,15.044422398128543
MGSNGADNAHNNAFGGGKNPGIGNTSGAGSNGSASSNRGNSNGWSWSNKPHKNDGFHSDGSYHITFHGDNNSKPKPGGNSGNRGNNGDGASSHHHHHH,2.8,-7.870118256040824
AAPEGGISDVVEKSIKEAQETCAGDPVSGECVAAWDEVEELSAAASHARDKKKADGSDPLEEYCKDNPETNECRTYDN,2.0,9.1731331996035
SGSGPKNGEQYGAPFIEEEWAEDDDDDVDEPANQLVVSASVDNSLWGKGLNQSELDDNDIEELMSQVRDQSGPTLQQNGVSGLNSHVDTYNLENLEEDMYLEINDLMEPEPEPT,3.6,7.694659264195773
MGSVPKPAPQPYTFPASLSTINFDEFSPMLLPSGQISNQALALAPSSAPVLAQTMVPSSAMVPLAQPPAPAPVLTPGPPQSLSAPVPKSTQAGEGTLSEALLHLQFDADEDLGALLGNSTDPGVFTDLASVDNSEFQQLLNQGVSMSHSTAEPMLMEYPEAITRLVTGSQRPPDPAPTPLGTSGLPNGLSGDEDFSSIADMDFSALLSQISSLEHHHHHH,2.7,-10.00392137510387
SGSGPKNGEQYGAPFIEEEWAEDDDDDVDEPANQLVVSASVDNSLWGKGLNQSELDDNDIEELMSQVRDQSGPTLQQNGVSGLNSHVDTYNLENLEEDMYLEINDLMEPEPEPT,3.6,7.694659264195773
DSHAKRHHGYKRKFHEKHHSHRGY,1.4,31.742267442696424
SMDEPPGKPLSCEEKEKLKEKLAFAKREYSKTLARLQRAQRAEKIKHSIKKTVEEQDCLSQQDLSPQLKHSEPKNKICVYDKLHIKTHLDEETGEKTSITLDVGPESFNPGDGPGGLPIQRTDDTQEHFPHRVSDPSGEQKQKLPSRRKKQQKRTFISQERDCVFGTDSLRLSGKRLKEQEEISSKNPARSPVTEWENLYFQS,5.2,4.860040100710894
SSGGVGVPGVGVPGVGVPGVGVPGVGVPGVGVPGVGVPGVGVPGVGVPGVGVPGVGVPGVGVPGVGVPGVGVPGVGVPGVGVPGVGVPGVGVPGVGVPGVGVPGVGVPGVGVPGVGVPGVGVPGVGVPGVGVPGVGVPGVGVPGVGVPGVGVPGWPSGA,3.1,-40.79391754372899
MGSSHHHHHHSSGLVPRGSHMHVGKARASETQTNEAEDKLSRAAADVLCIMTDLTRKVVNPLADRLAELAAEDTANITRDAELVNTYVDDIDGMLGKDSDDPDGTKKRIKELCDGAKTKVKDMPENARNREASIKEKAVKAKESGKKTLEGTEASEGGNPVVGLKEVMSSYCRGGRKCEEGVVSSTLDPPEGEISCTNVTLDEKEKWISTLMVEAGANWTTSKPKKVVNCSTAGEPPCTPLDQWGTHYNDTKSHVVRIVGELDESYKDMLICENQLLLVYKIHKGLQEEKNHSEIISEGERISNRTLDVLIGMSGGHRSSSLEDGVNNTDLQDLEEARTLFAKKRRWIM,3.2,3.9623143629623887
MGCGPAYYNSHVQEEQTEVEETIEATKAEEAKDEPPSEGEAEEEEKEKEEGEEEEGAEEEEAAKDESEDTKEEEEGGEGEEEDTKESEEEEKKEESAGEEQVAKKKDGCG,4.5,-2.1969235013383615
GMPIGNLGNNVNGNHLIPPAPPLPSQTDGAARGGTGHLISSTGALGSRSLFSPLRNSMADSVDSRDIPGLPTNPSRLAAATSETCLLGGFEVLHDKGPLDILNTQIGPSAFRVEVQADGTHAAIGEKNGLEVSVTLSPQEWSSLQSIDTEGKNRFVFTGGRGGSGHPMVTVASDIAEARTKILAKLDPDNHGGRQPKDVDTRSVGVGSASGIDDGVVSETHTSTTNSSVRSDPKWSHPQFEK,3.5,-6.6130438416813115
GVDSRDIPGLPTNPSRLAAATSETCLLGGFEVLHDKGPLDILNTQIGPSAFRVEVQADGTHAAIGEKNGLEVSVTLSPQEWSSLQSIDTEGKNRFVFTGGRGGSGHPMVTVASDIAEARTKILAKLDPDNHGGRQPKDVDTWSHPQFEK,3.4,1.053535486597186
GPRRNQPAEQTTTTTTHTVVQQQTGGNTPAQGGTDATRAEDASLNRRDSQGSVASTHWSDSSSEVVNPYAEVGGARNSLSAHQPEEHIYDEVAADPGYSVIQNFSGSGPVTGRLIGTPGQGIQSTYALLANSGGLRLGMGGLTSGGESAVSSVNAAPTPGPVRFVWSHPQFEK,3.8,-10.343341809403462
MKPVSLSYRCPCRFFESHVARANVKHLKILNTPNCALQIVARLKNNNRQVCIDPKLKWIQEYLEKALNKEYLEKALNK,1.5,14.141842047377377
GKGDPKKPRGKMSSYAFFVQTCREEHKKKHPDASVNFSEFSKKCSERWKTMSAKEKGKFEDMAKADKARYEREMKTYIPPKGETKKKFKDPNAPKRPPSAFFLFCSEYRPKIKGEHPGLSIGDVAKKLGEMWNNTAADDKQPYEKKAAKLKEKYEKDIAAYRAKGKPDAAKKGVVKAEKSKKKKEEEEDEEDEEDEEEEEDEEDEDEEEDDDDD,2.6,2.4660389665030595
MTRLSFTSVGSITSGYSQSSQVFGRSAYSGLQSSSYLMSARSFPAYYNSHVQEEQTEVEETIEATKAEEAKDEPPSEGEAEEEEKEKEEGEEEEGAEEEEAAKDESEDTKEEEEGGEGEEEDTKESEEEEKKEESAGEEQVAKKKD,17.8,-5.265100301569276
GAMDPMEGSKTSNNSTMQVSFVSQRSSQPLKLDTSFKILDRVTIQELTAPLLTTAQAKPGETQEEETNSGEEPFIETPRQDGVSRRFIPPARMMSTESANSFTLIGEVSDGGTMENLSRRLKVTGDLFDIMSGQTDVDHPLSEESTDTLLDQLDTY,4.1,8.851545593235102
GSGGIEGRHAGRQKVQEMKEKFSTIIKAEMPTQSSSPDLPASQAPQQLERIVLYLIENLQKSVDSAETVGGQGMESLMDDGYSSPANTLTLEELAPSPTPALALVPPAPSSVKSSISKSVSVVNVTAARKFQQEHQKQRERDREQLKERTNSTQGVIRQLSSCLSEAETASCILSPASSLSASEAPDTPDPHSNTSPPPSLHTRPSVLHRTLTSTLR,5.1,-1.2965165502705653
NNATTVAPSVGITRLINSSTAEPVKEEAKTSNPTSSLTSLSVAPTFSPNITLGPTYLTTVNSSDSDNGTTRTASTNSIGITISPNGTWLPDNQFTDARTEPWEGNSSTAATTPETFPPSDETDIGGLNDIFEAQKIQWHEILNVKSIDYKDDDDKASITLAAARLADPEEPKSCDKTHTCPPCPAPELLGGPSVFLFPPKPKDTLMISRTPEVTCVVVDVSHEDPEVKFNWYVDGVEVHNAKTKPREEQYNSTYRVVSVLTVLHQDWLNGKEYKCKVSNKALPAPIEKTISKAKGQPREPQVYTLPPSRDELTKNQVSLTCLVKGFYPSDIAVEWESNGQPENNYKTTPPVLDSDGSFFLYSKLTVDKSRWQQGNVFSCSVMHEALHNHYTQKSLSLSPGK,8.3,-24.907811153510835
MPYVEIIEQPKQRGMRFRYKSEGRSAGSIPGERSTDTTKTHPTIKINGYTGPGTVRISLVTKDPPHRPHPHELVGKDCRDGYYEADLCPDRSIHSFQNLGIQCVKKRDLEQAISQRIQTNNNPFHVPIEEQRGDYDLNAVRLCFQVTVRDPAGRPLLLTPVLSHPIFDNRAPNTAELKICRVNRNSGSCLGGDEIFLLCDKVQKEDIEVYFTGPGWEARGSFSQADVHRQVAIVFRTPPYADPSLQAPVRVSMQLRRPSDRELSEPMEFQYLPDTDDRHRIEEKRKRTYETFKSIMKKSPFNGPTEPRPPTRRIAVPTRNSTSVPKPAPQPYTFPASLSTINFDEFSPMLLPSGQISNQALALAPSSAPVLAQTMVPSSAMVPLAQPPAPAPVLTPGPPQSLSAPVPKSTQAGEGTLSEALLHLQFDADEDLGALLGNSTDPGVFTDLASVDNSEFQQLLNQGVSMSHSTAEPMLMEYPEAITRLVTGSQRPPDPAPTPLGTSGLPNGLSGDEDFSSIADMDFSALLSQISS,4.7,-15.073883839549373
GPLGSMDLFKRKVKEWVYSLSTDDHYAEYNPDETPTFNMGKRLNSNNGQVNPSQMHLNSVDEEMSMGFQNGVPSNEDINIDEFTSTESNDGVSETLLWRHIDFWTSEHNPDLNATLSDPCTQNDITHAEEDLEVSFPNPVKASFKIHDGQEDLESMTGTSGLFYGFQLMTLDQVVAMTQAWRNVAKNLNKRSQQGLSHVTSTGSSSSMERLNGNKFKLPNIPDQKSIPPNAVQPVYAHPAWIPLITDNAGNHIGVDLAPGPNGKYAQIITFGRDFDTKFVIAENWGEFLLSFANDLEAGNWYLVDDNDDYFSGDGELVFRDKKSNGPIQDYFEVLKRRTWIKYQENLRSQ,2.8,0.4920243401497751
GSMQYYENREKDYYEVAQGQRNGYGQSQSHNHEGYGQSQSRGGYGQIHNREGYNQNREGYSQSQSRPVYGLSPTLNHRSHGGFLDGLFKGQNGQKGQSGLGTFLGQHKSQEAKKSQGHGKLLGQHDQKKTHETNSGLNGLGMFINNGEKKHRRKSEHKKKNKDGHGSGNESGSSSGSDSD,3.5,-18.23770284715077
YYTSHVQEEQTEVEETIEAT,1.2,35.31064574634008
EGDMKIRKTDIPERYQELRAGITDYGNMSSEDQELERNWIAEKISVDKNFDANYDLTEFKEAIGNAIKFITKENLEVPFIYAYRRNYISSREKDGFLLTEDDLWDIVSLDIEFHSLVNKKDYVQRFYAELHIDDPIVTEYFKNQNTASIAELNSLQDIYDYLEFKYANEINEMFINHTGKTGKKHLKNSSYEKFKASPLYQAVSDIGISAEDVGENISSQHQIHPPVDHPSSKPVEVIESILNANSGDLQVFTSNTKLAIDTVQKYYSLELSKNTKIREKVRSDFSKYYLADVVLTAKGKKEIQKGSLYEDIKYAINRTPMHFRRDPDVFLKMVEAESLNLLSVKLHMSSQAQYIEHLFQIALETTNTSDIAIEWNNFRKLAFNQAMDKIFQDISQEVKDNLTKNCQKLVAKTVRHKFMTKLDQAPFIPNVRDPKIPKILSLTCGQGRFGADAIIAVYVNRKGDFIRDYKIVDNPFDKTNPEKFEDTLDNIIQSCQPNAIGINGPNPKTQKFYKRLQEVLHKKQIVDSRGHTIPIIYVEDEVAIRYQNSERAAQEFPNKPPLVKYCIALARYMHSPLLEYANLTSEEVRSLSIHPHQNLLSSEQLSWALETAFVDIVNLVSVEVNKATDNNYYASALKYISGFGKRKAIDFLQSLQRLNEPLLARQQLITHNILHKTIFMNSAGFLYISWNEKRQKYEDLEHDQLDSTRIHPEDYHLATKVAADALEYDPDTIAEKEEQGTMSEFIELLREDPDRRAKLESLNLESYAEELEKNTGLRKLNNLNTIVLELLDGFEELRNDFHPLQGDEIFQSLTGESEKTFFKGSIIPVRVERFWHNDIICTTNSEVECVVNAQRHAGAQLRRPANEIYEIGKTYPAKVIYIDYANITAEVSLLDHDVKQQYVPISYSKDPSIWDLKQELEDAEEERKLMMAEARAKRTHRVINHPYYFPFNGRQAEDYLRSKERGEFVIRQSSRGDDHLVITWKLDKDLFQHIDIQELEKENPLALGKVLIVDNQKYNDLDQIIVEYLQNKVRLLNEMTSSEKFKSGTKKDVVKFIEDYSRVNPNKSVYYFSLNHDNPGWFYLMFKINANSKLYTWNVKLTNTGYFLVNYNYPSVIQLCNGFKTLLKSNSSKNRMNNYR,4.7,1.8721661236294354
KAEEAKDEPPSEGEAEEEEK,1.2,33.68164733700061
SNAMTMTLHTKASGMALLHQIQGNELEPLNRPQLKIPLERPLGEVYLDSSKPAVYNYPEGAAYEFNAAAAANAQVYGQTGLPYGPGSEAAAFGSNGLGGFPPLNSVSPSPLMLLHPPPQLDPFLQPHGQQVPYYLENEPSGYTVREAGPPAFYRPNSDNRRQGGRERLASTNDKGSMAMESAKETRY,3.5,-4.475149124479528
MGLSFSGTRPCCCRNNVLITDDGEVVSLTAHDFDVVDIESEEEGNFYVPPDMRGVTRAPGRQRLRSSDPPSRHTHRRTPGGACPATQFPPPMSDSEWSHPQFEK,2.4,10.570992851274765
MGIKQYSQEELKEMALVEIAHELFEEHKKPVPFQELLNEIASLLGVKKEELGDRIAQFYTDLNIDGRFLALSDQTWGLRSWYPYDQLDEETQPTVKAKKKKAKKAVEEDLDLDEFEEIDEDDLDLDEVEEELDLEADDFDEEDLDEDDDDLEIEEDIIDEDDEDYDDEEEEIK,3.5,5.05181839522956
GPAMAPKTITELEKKVEEIPFKKERKFNPDLAPGTEKVTREGQKGEKTITTPTLKNPLTGVIISKGEPKEEITKDPINELTEYGPETIAPGHRDEFDPKLPTGEKEEVPGKPGIKNPETGDVVRPPVDSVTKYGPVKGDSIVEKEEIPFEKERKFNPDLAPGTEKVTREGQKGEKTITTPTLKNPLTGEIISKGESKEEITKDPINELTEYGPETITPGHRDEFDPKLPTGEKEEVPGKPGIKNPETGDVVRPPVDSVTKYGPVKGDSIVEKEEIPFEKERKFNPDLAPGTEKVTREGQKGEKTITTPTLKNPLTGVIISKGEPKEEITKDPINELTEYGPETITPGHRDEFDPKLPTGEKEEVPGKPGIKNPETGDVVRPPVDSVTKYGPVKGDSIVEKEEIPFKKERKFNPDLAPGTEKVTREGQKGEKTITTPTLKNPLTGEIISKGESKEEITKDPINELTEYGPETITPGHRDEFDPKLPTGEKEEVPGKPGIKNPETGDVVRPPVDSVTKYGPVKGDSIVEKEEIPFEKERKFNPDLAPGTEKVTREGQKGEKTITTPTLKNPLTGEIISKGESKEEITKDPINELTEYGPETITPGHRDEFDPKLPTGEKEEVPGKPGIKNPETGDVVRPPVDSVTKYGPVKGDSIVEKEEIPFKKERKFNPDLAPGTEKVTREGQKGEKTITTPTLKNPLTGEIISKGESKEEITKDPINELTEYGPETWSHPQFEK,15.9,-36.1992351742368
AAQKRPSQRSKYLASASTMDHARHGFLPRHRDTGILDSLGRFFGSDRGAPKRGSGKDGHHAARTTHYGSLPQKAQGHRPQDENPVVHFFKNIVTPRTPPPSQGKGRGLSLSRFSWGAEGQKPGFGYGGRASDYKSAHKGLKGHDAQGTLSKIFKLGGRDSRSGSPMARR,3.3,3.3210615596402993
AEEEEEKEKEEGEEEEGA,1.1,37.700479032047284
MRSAAVLALLLCAGQVIALPVNSPMNKGDTEVMKCIVEVISDTLSKPSPMPVSKECFETLRGDERILSILRHQNLLKELQDLALQGAKERTHQQKKHSSYEDELSEVLEKPNDQAEPKEVTEEVSSKDAAEKRDDFKEVEKSDEDSDGDRPQASPGLGPGPKVEEDNQAPGEEEEAPSNAHPLASLPSPKYPGPQAKEDSEGPSQGPASREKGLSAEQGRQTEREEEEEKWEEAEAREKAVPEEESPPTAAFKPPPSLGNKETQRAAPGWPEDGAGKMGAEEAKPPEGKGEWAHSRQEEEEMARAPQVLFRGGKSGEPEQEEQLSKEWEDAKRWSKMDQLAKELTAEKRLEGEEEEEEDPDRSMRLSFRARGYGFRGPGLQLRRGWRPNSREDSVEAGLPLQVRGYPEEKKEEEGSANRRPEDQELESLSAIEAELEKVAHQLEELRRG,5.2,-25.466559927456846
SEEEEKKEESAGEEQVAKKKD,1.3,31.98433700646035
TKEEEEGGEGEEEDTKES,1.2,39.02479647312824
MADERKDEGKAPHWTSASLTEAAAHPHSPEMKDQGGSGEGLSRSANGFPYREEEEGAFGEHGSQGTYSDTKENGINGELTSADRETAEEVSARIVQVVTAEAVAVLKGEQEKEAQHKDQPAALPLAAEETVNLPPSPPPSPASEQTAALEEATSGESAQAPSAFKQAKDKVTDGITKSPEKRSSLPRPSSILPPRRGVSGDREENSFSLNSSISSARRTTRSEPIRRAGKSGTSTPTTPGSTAITPGTPPSYSSRTPGTPGTPSYPRTPGTPKSGILVPSEKKVAIIRTPPKSPATPKQLRLINQPLPDLKNVKSKIGSTDNIKYQPKGGQVQIVTKKIDLSHVTSKCGSLKNIRHRPGGGRVKIESVKLDFKEKAQAKVGSLDNAHHVPGGGNVKIDSQKLNFREHAKARVDHGAEIITQSPSRSSVASPRRLSNVSSSGSINLLESPQLATLAEDVTAALAKQGL,6.7,-18.56775155020883
GSGGIEGRHAGRQKVQEMKEKFSTIIKAEMPTQSSSPDLPASQAPQQLERIVLYLIENLQKSVDSAETVGGQGMESLMDDGYSSPANTLTLEELAPSPTPALALVPPAPSSVKSSISKSVSVVNVTAARKFQQEHQKQRERDREQLKERTNSTQGVIRQLSSCLSEAETASCILSPASSLSASEAPDTPDPHSNTSPPPSLHTRPSVLHRTLTSTLR,5.1,-1.2965165502705653
EPLEKVASVGNSRPTGQQLESLGLLAPGEQSLPCTERKPAATARLSRRGTSLSPPPESSGSPQQPGLSAPHSRQIPAPQGAVLVQREKDLPNYNWNSFGLRFGKREAAPGNHGRSAGRG,3.47,6.337158204801135
MDKLELVNDGLNIIDFIQKNQKEIQKTYGRSSIQQPSIKDQTKAWEDFLQCTSGESEQVEGGMSKDDGDVERRNLEDLSSTSPTDGTIGKRVSNTRDWAEGSDDIQLDPVVTDVVYHDHGGECTGYGFTSSPERGWSDYTSGANNGNVCLVSDAKMLSYAPEIAVSKEDRETDLVHLENKLSTTGLNPTAVPFTLRNLSDPAKDSPVIAEHYYGLGVKEQNVGPQTSRNVNLDSIKLYTSDDEEADQLEFEDEFAGSSSEVIVGISPEDEEPSSVGGKPNESIGRTIEGQSIRDNLQAKDNKSTDVPGAGPKDSAVKEEPPQKRLPMLAEEFECSGSEDPIIRELLKENSLINCQQGKDAQPPYHWSIERSISPDKTEIVNGAVQTADRQRPGTPMPKSRGIPIKK,6.1,-4.857053820017111
MAEEKHHHHLFHHKKEGEDFQPAADGGADVYGYSTETVVTGTGNEGEYERITKEEKHHKHKEHLGEMGAVAAGAFALYEKHEAKKDPEHAHKHKIEEELAAAAAVGAGGFVFHEHHEKKQDHKEAKEASGEKKHHLFG,3.55,5.161783099425297
MNTDQQKVSEIFQSSKEKLQGDAKVVSDAFKKMASQDKDGKTTDADESEKHNYQEQYNKLKGAGHKKE,4.5,12.867705343842026
MTPSTPPRSRGTRYLAQPSGNTSSSALMQGQKTPQKPSQNLVPVTPSTTKSFKNAPLLAPPNSNMGMTSPFNGLTSPQRSPFPKSSVKRTLFQFESHDNGTVREEQEPLGRVNRILFPTQQNVDIDAAEEEEEGEVLLPPSRPTSARQLHLSLERDEFDQTHRKKIIKDVPGTPSDKVITFELAKNWNNNSPKNDARSQESEDEEDIIINPVRVGKNPFASDELVTQEIRNERKRAMLRENPDIEDVITYVNKKGEVVEKRRLTDEEKRRFKPKALFQSRDQEH,3.21,-5.100254300321399
VIQNEDLGPASPLDSTFYRSLLEDDDMGDLVDAEEYLVPQQGFFCPDPAPGAGGMVHHRHRSSSTRSGGGDLTLGLEPSEEEAPRSPLAPSEGAGSDVFDGDLGMGAAKGLQSLPTHDPSPLQRYSEDPTVPLPSETDGYVAPLTCSPQPEYVNQPDVRPQPPSPREGPLPAARPAGATLERPKTLSPGKNGVVKDVFAFGGAVENPEYLTPQGGAAPQPHPPPAFSPAFDNLYYWDQDPPERGAPPSTFKGTPTAENPEYLGLDVPV,4.92,-6.699939451088286
ERQQDRRKPRQNNRRDRNERRDTRSERTEGSDNREENRRNRRQAQQQTAETRESRQQAEVTEKARTADEQQAPRRERSRRRNDDKRQAQQEAKALNVEEQSVQETEQEERVRPVQPRRKQRQLNQKVRYEQSVAEEAVVAPVVEETVAAEPIVQEAPAPRTELVKVPLPVVAQTAPEQQEENNADNRDNGGMPRRSRRSPRHLRVSGQRRRRYRDERYPTQSPMPLTVACASPELASGKVWIRYPIVR,5.3,-18.715258975748032
MSVYFPIHCSDYLRSAEMTEVMMNAPSMEEIGLSPRKDGLSYQIFPDPSDFDRCCKLKDRLPSIVVEPTEGEVESGELRWPPEEFLVQEDEQDNCEETTNEKKDQ,23.4,12.031477096129787
HKQGILGNQPALPAPGAQPPVIPQAQPVRPPNGPLSLPVNRMQVSQGMNSFNPMSLGNVQLPQAPMGPRAASPMNHSVQMNSMGSVPGMAISPSRMPQPPNMMGAHTNNMMAQAPAQSQFLPQNQFPSSSGAMSVGMGQPPAQTGVSQGQVPGAALPNPLNMLGPQASQLPCPPVTQSPLHPTPPPASTAAGMPSLQHTTPPGMTPPQPAAPTQPSTPVSSSGQTPTPTPGSVPSATQTQSTPTVQAAAQAQVTPQPQTPVQPPSVATPQSSQQQPTPVHAQPPGTPLSQAAASIDNRVPTPSSVASAETNSQQPGPDVPVLEMKTETQAEDTEPDPGESKGEPRSEMMEEDLQGASQVKEETDIAEQKSEPMEVDEKKPEVKVEVKEEEESSSNGTASQSTSPSQP,8.0,-28.953985345976456
MSTQQQARALMMRHHQFIKNRQQSLLSRAAAEIGVQAEKDFWTTVQGKPQSSFRETYDRSSASLS,2.42,18.151012112932868
RLEQYTSAVVGNKAAKPAKPAASDLPVPAEGVRNIKSMWEKGNVFSSPGGTGTPNKETAGLKVGVSSRINEWLTKTPEGNKSPAPKPSDLRPGDVSGKRNLWEKQSVEKPAASSSKVTATGKKSETNGLRQFEKEP,4.08,5.135527088226925
QHGNVKTSEIVEDKPVEENLIGDRAPELPSEVLRMKYFAMPPMAIEDALEQLQLVDHDFYMFRNKDTDEINVIYIRNHGGYGVIQPHQAS,2.6,10.350432645527865
TETVNIHERVNNAQAPAHQMQSAAAPVGIQGTAPRMAGMDQHEQAIIAHETMTNGSADAHQKMVESHQRMMGSQTVSPTGPSKSLAAMNEHERAAVAHEFMNNGQSGPHQAMAEAHRRMLSAG,3.77,-8.08729964681636
FVTLHGAERLEEETNDEDVSDIERRIAMRLAERRQEDSATHGDEGRNNGVDHE,1.626,19.61202150463759
GEFNTIQQLMMILNSASDQPSENLISYFNNCTVNPKESILKRVKDIGYIFKEKFAKAVGQGCVEIGSQRYKLGVRLYYRVMESMLKSEEERLSIQNFSKLLNDNIFHMSLLACALEVVMATYSRSTSQNLDSGTDLSFPWILNVLNLKAFDFYKVIESFIKAEGNLTREMIKHLERCEHRIMESLAWLSDSPLFDLIKQSKLVPRGSKSTSLSLFYKKVYRLAYLRLNTLCERLLSEHPELEHIIWTLFQHTLQNEYELMRDRHLDQIMMCSMYGICKVKNIDLKFKIIVTAYKDLPHAVQETFKRVLIKEEEYDSIIVFYNSVFMQRLKTNILQYASTRPPTLSPIPHIPR,2.271,-0.7723801035525196
TRLPLPLRDTKLLSPLRDTPPPQSLMVKITLDLLSRIPQPPGKPMGSDKQIKNGECDKAYLDELVELHRRLMTLRERHILQQIVNLIEETGHFHITNTTFDFDLCSLDKTTVRKLQSYLETSGTS,1.9,11.149716069384326
GSPEFMAEEKHHHLFHHKEGEDFQPAADGGVDTYGYSTETVVTATGNDGEYERITKEEKHHKHKEHLGEMGAAAAGAFALYEKHEAKKDPEHAHKHKIEEEVAAAAAVGAGGFVFHEHHEKKQDHKEAKEASGEKKHHLFGC,3.985,2.4109956301563535
MDYKDDDDKNRALSPMVSEFETIEQENSYNEWLRAKVATSLADPRPAIPHDEVERRMAERFAKMRKERSKQ,2.079,19.525195818575998
HGHVSGFRFDGVYEPGYSLDYYYAKQNGQEVPSVAAWSAENLDNGFVDGTGYQTVDIVCHKKSAPGKKSAKIAAGGTVDFLWTAWPDSHMGPVLTYAAKCDGDCTTADPATLKWVKIQESGYEDGTWAAIALIKNNNTGSATIPADFAPGNYVLRHEIIAMHGAGSENGAQNYPQCVNVEVTGSGTATPEGVLGTELYKSTDPGILFSPYQAKVDYTPPGPALYGKGSSYTPTTPTTPTTPTTPSNGTVPATSAAASAAAEDDYGCSSKKLRRHARDLFHSRH,4.8,-24.259945121834836
GPLGSHLVATSESVTEITASSFVVSWVSASDTVSGFRVEYELSEEGDEPQYLDLPSTATSVNIPDLLPGRKYIVNVYQISEDGEQSLILSTSQTT,1.479,-14.07099990416212
GAMGTAGNKAALLDQIREGAQLKKVEQNSRPVSCSGRDALLDQIRQGIQLKSVADGQESTPPTPAPT,2.338,10.900688951004275
MVRTKADSVPGTYRKVVAARAPRKVLGSSTSATNSTSVSSRKAENKYAGGNPVCVRPTPKWQKGIGEFFRLSPKDSEKENQIPEEAGSSGLGKAKRKACPLQPDHTNDEKE,3.038,13.135905851145598
CGNLSTCMLGTYTQDFNKFHTFPQTAIGVGAP,1.65,12.959070415120008
FVTLHGAERLEEETNDEDVSDIERRIAMRLAERRQEDSATHGDEGRNNGVDHE,2.022,19.61202150463759
MASTHQSSTEPSSTGKSEETKKDASQGSGQDSKNVTVTKGTGSSATSAAIVKTGGSQGKDSSTTAGSSSTQGQKFSTTPTDPKTFSSDQKEKSKSPAKEVPSGGDSKSQGDTKSQSDAKSSGQSQGQSKDSGKSSSDSSKSHSVIGAVKDVVAGAKDVAGKAVEDAPSIMHTAVDAVKNAATTVKDVASSAASTVAEKVVDAYHSVVGDKTDDKKEGEHSGDKKDDSKAGSGSGQGGDNKKSEGETSGQAESSSGNEGAAPAKGRGRGRPPAAAKGVAKGAAKGAAASKGAKSGAESSKGGEQSSGDIEMADASSKGGSDQRDSAATVGEGGASGSEGGAKKGRGRGAGKKADAGDTSAEPPRRSSRLTSSGTGAGSAPAAAKGGAKRAASSSSTPSNAKKQATGGAGKAAATKATAAKSAASKAPQNGAGAKKKGGKAGGRKRK,5.3,-26.731422755398523
MLYIDEFKEAIDKGYILGDTVAIVRKNGKIFDYVLPHEKVRDDEVVTVERVEEVMVELDKLEHHHHHH,1.279,13.27066333982121
AEEIKNVPEQEVPKVATEESSAEVTDRGLFDFLGKKKDETKPEETPIASEFEQKVHISEPEPEVKHESLLEKLHRSDSSSSSSSEEEGSDGEKRKKKKEKKKPTTEVEVKEEEKKGFMEKLKEKLPGHKKPEDGSAVAAAPVVVPPPVEEAHPVEKKGILEKIKEKLPGYHPKTTVEEEKKDKE,4.636,-9.822949998860407
MTRLSFTSVGSITSGYSQSSQVFGRSAYSGLQSSSYLMSARSFPAYYNSHVQEEQTEVEETIEATKAEEAKDEPPSEGEAEEEEKEKEEGEEEEGAEEEEAAKDESEDTKEEEEGGEGEEEDTKESEEEEKKEESAGEEQVAKKKD,26.4,-5.265100301569276
SNAMTMTLHTKASGMALLHQIQGNELEPLNRPQLKIPLERPLGEVYLDSSKPAVYNYPEGAAYEFNAAAAANAQVYGQTGLPYGPGSEAAAFGSNGLGGFPPLNSVSPSPLMLLHPPPQLAPFLQPHGQQVPYYLENEPSGYTVREAGPPAFYRPNSDNRRQGGRERLASTNDKGSMAMESAKETRY,3.2,-4.528352295997334
MGSVPKPAPQPYTFPASLSTINFDEFSPMLLPSGQISNQALALAPSSAPVLAQTMVPSSAMVPLAQPPAPAPVLTPGPPQSLSAPVPKSTQAGEGTLSEALLHLQFDADEDLGALLGNSTDPGVFTDLASVDNSEFQQLLNQGVSMSHSTAEPMLMEYPEAITRLVTGSQRPPDPAPTPLGTSGLPNGLSGDEDFSSIADMDFSALLSQISSLEHHHHHH,2.7,-10.00392137510387
MDLSVENGGLAPGFRFHPTDEELVVYYLKRKIRRKKLRVEAIGETDVYKFDPEELPEKALYKTRDRQWFFFSLRDRKHGSRSSRATERGYWKATGKDRVIHCDSRPVGEKKTLVFHRGRAPNGERTNWVMHEYTLHKEELKRCGGEDVKDAYVLYKIYKKSGSGPKNGEQYGAPFIEEEWAEDDDDDVDEPANQLVVSASVDNSLWGKGLNQSELDDNDIEELMSQVRDQSGPTLQQNGVSGLNSHVDTYNLENLEEDMYLEINDLMEPEPEPT,3.8,8.119893496854175
MGIKQYSQEELKEMALVEIAHELFEEHKKPVPFQELLNEIASLLGVKKEELGDRIAQFYTDLNIDGRFLALSDQTWGLRSWYPYDQLDEETQPTVKAKKKKAKKAVEEDLDLDEFEEIDEDDLDLDEVEEELDLEADDFDEEDLDEDDDDLEIEEDIIDEDDEDYDDEEEEIK,3.5,5.051817517767178
FNRPILFDIVSRGSPDGLEGLLSFLLTHKKRLTDEEFREPSTGKTCLPKALLNLSAGRNDTIPILLDIAEKTGNMREFINSPFRDVYYRGQTALHIAIERRCKHYVELLVEKGADVHAQARGRFFQPKDEGGYFYFGELPLSLAACTNQPHIVHYLTENGHKQADLRRQDSRGNTVLHALVAIADNTRENTKFVTKMYDLLLIKCAKLFPDTNLEALLNNDGLSPLMMAAKTGKIGIFQHIIRREIAD,2.3,-3.945089861960845
MKPVSLSYRCPCRFFESHVARANVKHLKILNTPNCALQIVARLKNNNRQVCIDPKLKWIQEYLEKALNKEYLEKALNK,1.5,14.141842047377377
GKGDPKKPRGKMSSYAFFVQTCREEHKKKHPDASVNFSEFSKKCSERWKTMSAKEKGKFEDMAKADKARYEREMKTYIPPKGETKKKFKDPNAPKRPPSAFFLFCSEYRPKIKGEHPGLSIGDVAKKLGEMWNNTAADDKQPYEKKAAKLKEKYEKDIAAYRAKGKPDAAKKGVVKAEKSKKKKEEEEDEEDEEDEEEEEDEEDEDEEEDDDDD,2.6,2.4660386042253752
NAPSTTITTTKQLSRIDSLDNIDHLLDFSSLPPLIDPGFLGQPGPSFSGARQQHDLKPVLHHPTTAPVDNTYLPTQALNFPYHSVHNSGSDFGYGAGSGNNNKGMIKLEHSLVSVSQETGLSSDVNTTATPEISSYPMMMNPAMMDGSKSACDGLDDLIFWEDLYTS,3.5,-3.6714933656074256
MHHHHHHGKPIPNPLLGLDSTENLYFQGIDPFTGLSSDKIDEMYDIFGDGHDYDWALEIENEELENGNDNNEAEEEEIDEETGAIKSTKKKISLQDIYDLEDLKKNLMTEGDMKIRKTDIPERYQELRAGITDYGNMSSEDQELERNWIAEKISVDKNFDANYDLTEFKEAIGNAIKFITKENLEVPFIYAYRRNYISSREKDGFLLTEDDLWDIVSLDIEFHSLVNKKDYVQRFYAELHIDDPIVTEYFKNQNTASIAELNSLQDIYDYLEFKYANEINEMFINHTGKTGKKHLKNSSYEKFKASPLYQAVSDIGISAEDVGENISSQHQIHPPVDHPSSKPVEVIESILNANSGDLQVFTSNTKLAIDTVQKYYSLELSKNTKIREKVRSDFSKYYLADVVLTAKGKKEIQKGSLYEDIKYAINRTPMHFRRDPDVFLKMVEAESLNLLSVKLHMSSQAQYIEHLFQIALETTNTSDIAIEWNNFRKLAFNQAMDKIFQDISQEVKDNLTKNCQKLVAKTVRHKFMTKLDQAPFIPNVRDPKIPKILSLTCGQGRFGADAIIAVYVNRKGDFIRDYKIVDNPFDKTNPEKFEDTLDNIIQSCQPNAIGINGPNPKTQKFYKRLQEVLHKKQIVDSRGHTIPIIYVEDEVAIRYQNSERAAQEFPNKPPLVKYCIALARYMHSPLLEYANLTSEEVRSLSIHPHQNLLSSEQLSWALETAFVDIVNLVSVEVNKATDNNYYASALKYISGFGKRKAIDFLQSLQRLNEPLLARQQLITHNILHKTIFMNSAGFLYISWNEKRQKYEDLEHDQLDSTRIHPEDYHLATKVAADALEYDPDTIAEKEEQGTMSEFIELLREDPDRRAKLESLNLESYAEELEKNTGLRKLNNLNTIVLELLDGFEELRNDFHPLQGDEIFQSLTGESEKTFFKGSIIPVRVERFWHNDIICTTNSEVECVVNAQRHAGAQLRRPANEIYEIGKTYPAKVIYIDYANITAEVSLLDHDVKQQYVPISYSKDPSIWDLKQELEDAEEERKLMMAEARAKRTHRVINHPYYFPFNGRQAEDYLRSKERGEFVIRQSSRGDDHLVITWKLDKDLFQHIDIQELEKENPLALGKVLIVDNQKYNDLDQIIVEYLQNKVRLLNEMTSSEKFKSGTKKDVVKFIEDYSRVNPNKSVYYFSLNHDNPGWFYLMFKINANSKLYTWNVKLTNTGYFLVNYNYPSVIQLCNGFKTLLKSNSSKNRMNNYR,4.5,1.6519338588204848
ISPLKPGTVSQQALQNLLRTLRSPSSPLQQQQVLSILHANPQLLAAFIKQRAAKYANSNPQPIPGQPGMPQGQPGLQPPTMPGQQGVHSNPAMQNMNPMQAGVQR,2.974,-1.3682765327891067
MSSQQNQNRQGEQQEQGYMEAAKEKVVNAWESTKETLSSTAQAAAEKTAEFRDSAGETIRDLTGQAQEKGQEFKERAGEKAEETKQRAGEKMDETKQRAGEMRENAGQKMEEYKQQGKGKAEELRDTAAEKLHQAGEKVKGRD,4.031,-14.748092523972373
HHHHHHMSGVRPPIMNGPMHPRPLVALLDGRDTVEMPILKDVATVAFCDAQSTQEIHEKVLNEAVGALMYHTITLTREDLEKFKALRIIVRIGSGFDNIDIKSAGDLGIAVCNVPAASGSSWYSEQASIEMREEAAREIRRAITGRIPDSLKNCVNKDHLTAATHWASMDPAVVHPELNGAAYSRYPPGVVSVAPTGIPAAVEGIVPSAMSLSHGLPPVAHPPHAPSPGQTVKPEADRDHTTDQL,5.5,1.6815652871406808
GPLGSMDLFKRKVKEWVYSLSTDDHYAEYNPDETPTFNMGKRLNSNNGQVNPSQMHLNSVDEEMSMGFQNGVPSNEDINIDEFTSTESNDGVSETLLAWRHIDFWTSEHNPDLNATLSDPCTQNDITHAEEDLEVSFPNPVKASFKIHDGQEDLESMTGTSGLFYGFQLMTLDQVVAMTQAWRNVAKNLNKRSQQGLSHVTSTGSSSSMERLNGNKFKLPNIPDQKSIPPNAVQPVYAHPAWIPLITDNAGNHIGVDLAPGPNGKYAQIITFGRDFDTKFVIAENWGEFLLSFANDLEAGNWYLVDDNDDYFSGDGELVFRDKKSNGPIQDYFEVLKRRTWIKYQENLRSQ,2.8,0.34500197517940606
GPAMAPKTITELEKKVEEIPFKKERKFNPDLAPGTEKVTREGQKGEKTITTPTLKNPLTGVIISKGEPKEEITKDPINELTEYGPETIAPGHRDEFDPKLPTGEKEEVPGKPGIKNPETGDVVRPPVDSVTKYGPVKGDSIVEKEEIPFEKERKFNPDLAPGTEKVTREGQKGEKTITTPTLKNPLTGEIISKGESKEEITKDPINELTEYGPETITPGHRDEFDPKLPTGEKEEVPGKPGIKNPETGDVVRPPVDSVTKYGPVKGDSIVEKEEIPFEKERKFNPDLAPGTEKVTREGQKGEKTITTPTLKNPLTGVIISKGEPKEEITKDPINELTEYGPETITPGHRDEFDPKLPTGEKEEVPGKPGIKNPETGDVVRPPVDSVTKYGPVKGDSIVEKEEIPFKKERKFNPDLAPGTEKVTREGQKGEKTITTPTLKNPLTGEIISKGESKEEITKDPINELTEYGPETITPGHRDEFDPKLPTGEKEEVPGKPGIKNPETGDVVRPPVDSVTKYGPVKGDSIVEKEEIPFEKERKFNPDLAPGTEKVTREGQKGEKTITTPTLKNPLTGEIISKGESKEEITKDPINELTEYGPETITPGHRDEFDPKLPTGEKEEVPGKPGIKNPETGDVVRPPVDSVTKYGPVKGDSIVEKEEIPFKKERKFNPDLAPGTEKVTREGQKGEKTITTPTLKNPLTGEIISKGESKEEITKDPINELTEYGPETITPGHRDEFDPKLPTGEKEEVPGKPGIKNPETGDVVRPPVDSVTKYGPVKGDSIVEKEEIPFEKERKFNPDLAPGTEKVTREGQKGEKTITTPTLKNPLTGEIISKGESKEEITKDPINELTEYGPETWSHPQFEK,15.9,-37.612932297051756
MAHHHHHHVDDDDKIMPLSGTPAPNKKRKSSKLIMELTGGGQESSGLNLGKKISVPRDVMLEELSLLTNRGSKMFKLRQMRVEKFIYENHPDVFSDSSMDHFQKFLPTVGGQLGTAGQGFSYSKSNGRGGSQAGGSGSAGQYGSDQQHHLGSGSGAGGTGGPAGQAGRGGAAGTAGVGETGSGDQAGGEAE,3.5,1.2821388913019527
MAGLTAAAPRPGVLLLLLSILHPSRPGGVPGAIPGGVPGGVFYPGAGLGALGGGALGPGGKPLKPVPGGLAGAGLGAGLGAFPAVTFPGALVPGGVADAAAAYKAAKAGAGLGGVPGVGGLGVSAGAVVPQPGAGVKPGKVPGVGLPGVYPGGVLPGARFPGVGVLPGVPTGAGVKPKAPGVGGAFAGIPGVGPFGGPQPGVPLGYPIKAPKLPGGYGLPYTTGKLPYGYGPGGVAGAAGKAGYPTGTGVGPQAAAAAAAKAAAKFGAGAAGVLPGVGGAGVPGVPGAIPGIGGIAGVGTPAAAAAAAAAAKAAKYGAAAGLVPGGPGFGPGVVGVPGAGVPGVGVPGAGIPVVPGAGIPGAAVPGVVSPEAAAKAAAKAAKYGARPGVGVGGIPTYGVGAGGFPGFGVGVGGIPGVAGVPGVGGVPGVGGVPGVGISPEAQAAAAAKAAKYGAAGAGVLGGLVPGAPGAVPGVPGTGGVPGVGTPAAAAAKAAAKAAQFGLVPGVGVAPGVGVAPGVGVAPGVGLAPGVGVAPGVGVAPGVGVAPGIGPGGVAAAAKSAAKVAAKAQLRAAAGLGAGIPGLGVGVGVPGLGVGAGVPGLGVGAGVPGFGAGADEGVRRSLSPELREGDPSSSQHLPSTPSSPRVPGALAAAKAAKYGAAVPGVLGGLGALGGVGIPGGVVGAGPAAAAAAAKAAAKAAQFGLVGAAGLGGLGVGGLGVPGVGGLGGIPPAAAAKAAKYGAAGLGGVLGGAGQFPLGGVAARPGFGLSPIFPGGACLGKACGRKRK,6.2,-37.518037917774414
DLIDTLGGPEETEEENTTYTGPEVSDPMSSTYIEELGKREVTIPPKYRELLAKKEGITGPPADSSKPIGPDDAIDALSSDFTCGSPTAAGKKTEKEESTEVLKAQSAGTVRSAAPPQEKKRKVEKDTMSDQALEALSASLGTRQAEPELDLR,3.283,6.552614632735202
MAEEYKNTVPEQETPKVATEESSAPEIKERGMFDFLKKKEEVKPQETTTLASEFEHKTQISEPESFVAKHEEEEHKPTLLEQLHQKHEEEEENKPSLLDKLHRSNSSSSSSSDEEGEDGEKKKKEKKKKIVEGDHVKTVEEENQGVMDRIKEKFPLGEKPGGDDVPVVTTMPAPHSVEDHKPEEEEKKGFMDKIKEKLPGHSKKPEDSQVVNTTPLVETATPIADIPEEKKGFMDKIKEKLPGYHAKTTGEEEKKEKVSD,5.929,-12.887639578662247
